Import;ProFILE;NAME;Strength;Perception;Endurance;Charisma;Intelligence;Agility;Luck;Action Point;Armor Class;Health Point;Healing Rate;Melee Damage;Critical Chance;Sequence;Exp Value;Damage Type;Small Guns [Skill];Big Guns [Skill];Energy Weapons [Skill];Unarmed [Skill];Melee [Skill];Throwing [Skill];Resistance Radiation;Resistance Poison;Normal DT|DR;Laser DT|DR;Fire DT|DR;Plasma DT|DR;Electrical DT|DR;Explosion DT|DR;EMP DT|DR;Base Normal DT|DR;Base Laser DT|DR;Base Fire DT|DR;Base Plasma DT|DR;Base Electrical DT|DR;Base Explosion DT|DR;Base EMP DT|DR
#;00000001.pro;Hero Male;5;5;5;5;5;5;5;7;5;30;1;1;5;10;60;Normal;25;10;10;50;40;20;10;25;0|0;0|0;0|0;0|0;0|0;0|0;0|500;0|0;0|0;0|0;0|0;0|0;0|0;0|0
#;00000002.pro;Hero Female;5;5;5;5;5;5;5;7;5;30;1;1;5;10;60;Normal;25;10;10;50;40;20;10;25;0|0;0|0;0|0;0|0;0|0;0|0;0|500;0|0;0|0;0|0;0|0;0|0;0|0;0|0
#;00000003.pro;Villager;8;5;5;5;5;8;5;9;8;50;1;3;5;15;100;Normal;37;16;16;70;70;80;10;25;0|0;0|0;0|0;0|0;0|0;0|0;0|500;0|0;0|0;0|0;0|0;0|0;0|0;0|0
#;00000004.pro;Villager;7;5;5;5;5;7;5;8;7;50;1;2;5;15;100;Normal;33;14;14;70;70;80;10;25;0|0;0|0;0|0;0|0;0|0;0|0;0|500;0|0;0|0;0|0;0|0;0|0;0|0;0|0
#;00000005.pro;Radscorpion;5;2;6;1;1;3;2;5;3;10;2;4;2;4;60;Normal;17;6;6;75;36;12;12;30;0|0;2|30;0|10;0|10;0|15;0|10;0|500;0|0;0|0;0|0;0|0;0|0;0|0;0|0
;00000006.pro;Radscorpion;7;2;6;1;1;5;2;7;5;50;2;10;2;4;140;Normal;25;10;10;75;44;20;12;30;2|20;4|50;2|10;2|10;0|30;2|20;0|500;0|0;0|0;0|0;0|0;0|0;0|0;0|0
;00000007.pro;Deathclaw;8;6;6;1;3;5;5;7;5;60;2;8;5;12;150;Normal;25;10;10;73;46;20;12;30;2|15;2|15;2|15;0|15;0|15;2|15;0|500;0|0;0|0;0|0;0|0;0|0;0|0;0|0
;00000008.pro;Deathclaw;8;6;8;1;3;8;5;9;8;160;2;13;5;12;300;Normal;37;16;16;79;52;32;12;30;4|20;2|15;2|15;0|15;0|15;2|15;0|500;0|0;0|0;0|0;0|0;0|0;0|0;0|0
#;00000009.pro;Dog;3;3;6;1;1;5;3;7;5;14;2;5;3;6;40;Normal;25;10;10;75;36;20;12;30;0|15;0|15;0|15;0|15;0|20;0|10;0|500;0|0;0|0;0|0;0|0;0|0;0|0;0|0
#;00000010.pro;Brahmin;8;3;8;3;2;4;1;7;4;35;2;7;1;6;80;Normal;21;8;8;73;44;16;16;40;0|20;0|20;0|20;0|10;0|30;0|10;0|500;0|0;0|0;0|0;0|0;0|0;0|0;0|0
#;00000011.pro;Rat;1;1;1;1;1;4;1;5;4;6;1;2;1;12;25;Normal;21;8;8;67;30;16;2;5;0|0;0|0;0|0;0|0;0|0;0|0;0|500;0|0;0|0;0|0;0|0;0|0;0|0;0|0
#;00000012.pro;Mantis;3;2;5;1;1;3;1;6;3;14;1;4;1;4;70;Normal;17;6;6;70;32;12;10;25;0|0;0|0;0|0;0|0;0|0;0|0;0|500;0|0;0|0;0|0;0|0;0|0;0|0;0|0
#;00000013.pro;Elder;4;5;5;5;5;5;5;7;5;20;1;1;5;10;60;Normal;25;10;10;48;38;20;10;25;0|0;0|0;0|0;0|0;0|0;0|0;0|500;0|0;0|0;0|0;0|0;0|0;0|0;0|0
#;00000014.pro;Hakunin;4;5;5;5;5;5;5;7;5;20;1;1;5;10;60;Normal;25;10;10;48;38;20;10;25;0|0;0|0;0|0;0|0;0|0;0|0;0|500;0|0;0|0;0|0;0|0;0|0;0|0;0|0
#;00000015.pro;Mynoc;8;5;5;5;5;8;5;9;8;75;1;3;5;10;60;Normal;37;16;16;62;69;54;10;25;0|0;0|0;0|0;0|0;0|0;0|0;0|500;0|0;0|0;0|0;0|0;0|0;0|0;0|0
#;00000016.pro;Spore Plant;5;2;6;1;1;5;1;7;5;40;2;2;1;4;85;Normal;25;10;10;75;70;65;12;30;0|0;0|0;0|0;0|0;0|0;0|0;0|500;0|0;0|0;0|0;0|0;0|0;0|0;0|0
#;00000017.pro;Cute Slave;4;4;5;8;3;7;5;8;7;26;1;1;5;8;35;Normal;33;14;14;52;42;28;10;25;0|0;0|0;0|0;0|0;0|0;0|0;0|500;0|0;0|0;0|0;0|0;0|0;0|0;0|0
#;00000018.pro;Handsome Slave;5;4;5;8;3;6;5;8;6;28;1;1;5;8;35;Normal;29;12;12;52;42;24;10;25;0|0;0|0;0|0;0|0;0|0;0|0;0|500;0|0;0|0;0|0;0|0;0|0;0|0;0|0
#;00000019.pro;Healthy Slave;6;4;7;4;3;5;5;7;5;47;2;1;5;8;70;Normal;25;25;15;52;47;25;14;35;0|0;0|0;0|0;0|0;0|0;0|0;0|500;0|0;0|0;0|0;0|0;0|0;0|0;0|0
#;00000020.pro;Healthy Slave;6;4;8;4;3;4;5;7;4;50;2;1;5;8;70;Normal;22;24;14;50;45;22;16;40;0|0;0|0;0|0;0|0;0|0;0|0;0|500;0|0;0|0;0|0;0|0;0|0;0|0;0|0
#;00000021.pro;Strong Slave;8;4;5;4;3;5;4;7;5;35;1;3;4;8;75;Normal;25;25;15;70;59;45;10;25;0|0;0|0;0|0;0|0;0|0;0|0;0|500;0|0;0|0;0|0;0|0;0|0;0|0;0|0
#;00000022.pro;Strong Slave;9;4;6;4;3;4;4;7;4;37;2;4;4;8;75;Normal;22;24;14;75;61;42;12;30;0|0;0|0;0|0;0|0;0|0;0|0;0|500;0|0;0|0;0|0;0|0;0|0;0|0;0|0
#;00000023.pro;Combat Slave;5;7;6;3;3;7;4;8;22;55;2;1;4;14;80;Normal;66;37;27;72;63;56;12;30;2|25;0|20;0|20;0|10;0|30;0|20;0|500;0|0;0|0;0|0;0|0;0|0;0|0;0|0
#;00000024.pro;Combat Slave;5;7;7;3;3;6;4;8;21;60;2;1;4;14;80;Normal;68;41;26;68;57;53;14;35;2|25;0|20;0|20;0|10;0|30;0|20;0|500;0|0;0|0;0|0;0|0;0|0;0|0;0|0
#;00000025.pro;Clever Slave;4;6;3;6;6;5;7;7;5;35;1;1;7;12;40;Normal;25;35;15;48;38;20;6;15;0|0;0|0;0|0;0|0;0|0;0|0;0|500;0|0;0|0;0|0;0|0;0|0;0|0;0|0
#;00000026.pro;Clever Slave;5;5;4;5;5;4;7;7;4;38;1;1;7;10;40;Normal;22;34;14;48;38;16;8;20;0|0;0|0;0|0;0|0;0|0;0|0;0|500;0|0;0|0;0|0;0|0;0|0;0|0;0|0
#;00000027.pro;Generic Slave;5;5;5;5;5;5;5;7;5;33;1;1;5;10;50;Normal;25;10;10;50;40;20;10;25;0|0;0|0;0|0;0|0;0|0;0|0;0|500;0|0;0|0;0|0;0|0;0|0;0|0;0|0
#;00000028.pro;Generic Slave;5;5;5;5;5;5;5;7;5;35;1;1;5;10;50;Normal;25;10;10;50;40;20;10;25;0|0;0|0;0|0;0|0;0|0;0|0;0|500;0|0;0|0;0|0;0|0;0|0;0|0;0|0
#;00000029.pro;Anna;5;5;5;5;5;5;5;7;5;38;1;1;5;10;150;Normal;25;10;10;50;40;20;10;25;500|500;500|500;500|500;0|0;500|500;500|500;500|500;0|0;0|0;0|0;0|0;0|0;0|0;0|0
#;00000030.pro;Tough Thug;7;5;9;3;3;5;7;7;13;68;3;2;7;10;110;Normal;60;40;20;63;59;50;18;45;0|20;0|20;0|10;0|10;0|30;0|20;0|500;0|0;0|0;0|0;0|0;0|0;0|0;0|0
#;00000031.pro;Tough Thug;6;5;8;3;4;6;6;8;14;63;2;1;6;10;110;Normal;68;36;16;60;65;56;16;40;0|20;0|20;0|10;0|10;0|30;0|20;0|500;0|0;0|0;0|0;0|0;0|0;0|0;0|0
#;00000032.pro;Melee Thug;8;5;7;3;4;6;5;8;14;60;2;3;5;10;80;Normal;58;12;12;79;70;53;14;35;0|20;0|20;0|10;0|10;0|30;0|20;0|500;0|0;0|0;0|0;0|0;0|0;0|0;0|0
#;00000033.pro;Melee Thug;7;5;6;3;4;7;6;8;15;55;2;2;6;10;80;Normal;56;14;14;76;75;56;12;30;0|20;0|20;0|10;0|10;0|30;0|20;0|500;0|0;0|0;0|0;0|0;0|0;0|0;0|0
#;00000034.pro;Agile Thug;4;7;6;4;5;7;8;8;15;50;2;1;8;14;75;Normal;66;22;14;69;72;65;12;30;0|20;0|20;0|10;0|10;0|30;0|20;0|500;0|0;0|0;0|0;0|0;0|0;0|0;0|0
#;00000035.pro;Agile Thug;4;8;5;4;5;8;9;9;16;45;1;1;9;16;75;Normal;64;18;16;73;68;64;10;25;0|20;0|20;0|10;0|10;0|30;0|20;0|500;0|0;0|0;0|0;0|0;0|0;0|0;0|0
;00000036.pro;Gun Thug;6;6;5;3;4;5;6;7;13;50;1;1;6;12;85;Normal;41;53;30;57;52;70;10;25;0|20;0|20;0|10;0|10;0|30;0|20;0|500;0|0;0|0;0|0;0|0;0|0;0|0;0|0
;00000037.pro;Gun Thug;6;7;5;3;4;6;5;8;14;55;1;1;5;14;85;Normal;39;43;36;56;48;80;10;25;0|20;0|20;0|10;0|10;0|30;0|20;0|500;0|0;0|0;0|0;0|0;0|0;0|0;0|0
#;00000038.pro;Big Gun Thug;8;4;5;4;4;6;5;8;14;65;1;3;5;8;85;Normal;58;71;21;61;56;43;10;25;0|20;0|20;0|10;0|10;0|30;0|20;0|500;0|0;0|0;0|0;0|0;0|0;0|0;0|0
#;00000039.pro;Big Gun Thug;7;5;5;4;4;7;6;8;15;60;1;2;6;10;85;Normal;69;67;24;59;51;51;10;25;0|20;0|20;0|10;0|10;0|30;0|20;0|500;0|0;0|0;0|0;0|0;0|0;0|0;0|0
;00000040.pro;Tough Guard;7;4;9;3;3;6;7;8;16;80;3;2;7;8;120;Normal;63;41;21;65;61;85;18;45;4|30;6|75;4|10;4|20;0|0;4|25;0|500;0|0;0|0;0|0;0|0;0|0;0|0;0|0
;00000041.pro;Tough Guard;6;5;8;3;4;7;6;8;17;76;2;1;6;10;120;Normal;71;37;17;62;67;90;16;40;4|30;6|75;4|10;4|20;0|0;4|25;0|500;0|0;0|0;0|0;0|0;0|0;0|0;0|0
#;00000042.pro;Melee Guard;7;5;7;3;4;6;5;8;16;65;2;2;5;10;90;Normal;58;12;12;78;69;53;14;35;4|30;6|75;4|10;4|20;0|0;4|25;0|500;0|0;0|0;0|0;0|0;0|0;0|0;0|0
#;00000043.pro;Melee Guard;6;5;6;3;4;7;6;8;17;60;2;1;6;10;90;Normal;56;14;14;75;74;56;12;30;4|30;6|75;4|10;4|20;0|0;4|25;0|500;0|0;0|0;0|0;0|0;0|0;0|0;0|0
#;00000044.pro;Agile Guard;4;7;6;4;5;8;8;9;18;58;2;1;8;14;85;Normal;69;23;16;70;73;68;12;30;4|30;6|75;4|10;4|20;0|0;4|25;0|500;0|0;0|0;0|0;0|0;0|0;0|0;0|0
#;00000045.pro;Agile Guard;4;8;5;4;5;9;9;9;19;54;1;1;9;16;85;Normal;67;19;18;75;70;67;10;25;4|30;6|75;4|10;4|20;0|0;4|25;0|500;0|0;0|0;0|0;0|0;0|0;0|0;0|0
#;00000046.pro;Gun Guard;6;6;5;3;4;6;6;8;16;67;1;1;6;12;95;Normal;72;54;31;58;53;43;10;25;4|30;6|75;4|10;4|20;0|0;4|25;0|500;0|0;0|0;0|0;0|0;0|0;0|0;0|0
#;00000047.pro;Gun Guard;6;7;5;3;4;7;5;8;17;64;1;1;5;14;95;Normal;78;44;37;58;50;51;10;25;4|30;6|75;4|10;4|20;0|0;4|25;0|500;0|0;0|0;0|0;0|0;0|0;0|0;0|0
#;00000048.pro;Big Gun Guard;8;4;5;4;4;6;5;8;16;75;1;3;5;8;95;Normal;58;76;21;61;56;43;10;25;4|30;6|75;4|10;4|20;0|0;4|25;0|500;0|0;0|0;0|0;0|0;0|0;0|0;0|0
#;00000049.pro;Big Gun Guard;7;5;5;4;4;7;6;8;17;70;1;2;6;10;95;Normal;69;72;24;59;51;51;10;25;4|30;6|75;4|10;4|20;0|0;4|25;0|500;0|0;0|0;0|0;0|0;0|0;0|0;0|0
#;00000050.pro;Orphan (Male);4;7;4;3;4;8;7;9;8;26;1;1;7;14;30;Normal;37;16;16;54;44;104;8;20;0|0;0|0;0|0;0|0;0|0;0|0;0|500;0|0;0|0;0|0;0|0;0|0;0|0;0|0
#;00000051.pro;Orphan (Female);4;8;3;3;4;7;8;8;7;20;1;1;8;16;30;Normal;33;14;14;52;42;91;6;15;0|0;0|0;0|0;0|0;0|0;0|0;0|500;0|0;0|0;0|0;0|0;0|0;0|0;0|0
#;00000052.pro;Child (Male);4;6;3;3;4;7;5;8;7;21;1;1;5;12;30;Normal;33;14;14;52;42;91;6;15;0|0;0|0;0|0;0|0;0|0;0|0;0|500;0|0;0|0;0|0;0|0;0|0;0|0;0|0
#;00000053.pro;Child (Female);4;7;3;3;4;6;5;8;6;25;1;1;5;14;30;Normal;29;12;12;50;40;78;6;15;0|0;0|0;0|0;0|0;0|0;0|0;0|500;0|0;0|0;0|0;0|0;0|0;0|0;0|0
#;00000054.pro;Loser;4;4;4;4;4;4;3;7;4;25;1;1;3;8;35;Normal;21;8;8;46;36;16;8;20;0|0;0|0;0|0;0|0;0|0;0|0;0|500;0|0;0|0;0|0;0|0;0|0;0|0;0|0
#;00000055.pro;Loser;4;4;4;4;4;4;3;7;4;22;1;1;3;8;35;Normal;21;8;8;46;36;16;8;20;0|0;0|0;0|0;0|0;0|0;0|0;0|500;0|0;0|0;0|0;0|0;0|0;0|0;0|0
#;00000056.pro;Bad Merchant;6;5;6;5;6;6;4;8;6;63;2;1;4;10;60;Normal;73;26;12;68;73;24;12;30;0|0;0|0;0|0;0|0;0|0;0|0;0|500;0|0;0|0;0|0;0|0;0|0;0|0;0|0
#;00000057.pro;Bad Merchant;6;5;5;6;6;7;4;8;7;57;1;1;4;10;60;Normal;70;29;14;66;77;28;10;25;0|0;0|0;0|0;0|0;0|0;0|0;0|500;0|0;0|0;0|0;0|0;0|0;0|0;0|0
#;00000058.pro;Average Merchant;5;6;5;6;7;5;5;7;5;49;1;1;5;12;50;Normal;63;22;10;61;66;20;10;25;0|0;0|0;0|0;0|0;0|0;0|0;0|500;0|0;0|0;0|0;0|0;0|0;0|0;0|0
#;00000059.pro;Average Merchant;5;6;4;7;7;6;5;8;6;46;1;1;5;12;50;Normal;64;24;12;60;71;24;8;20;0|0;0|0;0|0;0|0;0|0;0|0;0|500;0|0;0|0;0|0;0|0;0|0;0|0;0|0
#;00000060.pro;Master Trader;4;7;4;7;8;4;6;7;4;48;1;1;6;14;40;Normal;52;19;8;53;58;16;8;20;0|0;0|0;0|0;0|0;0|0;0|0;0|500;0|0;0|0;0|0;0|0;0|0;0|0;0|0
#;00000061.pro;Master Trader;4;7;4;8;8;5;6;7;5;42;1;1;6;14;40;Normal;52;18;10;50;55;20;8;20;0|0;0|0;0|0;0|0;0|0;0|0;0|500;0|0;0|0;0|0;0|0;0|0;0|0;0|0
#;00000062.pro;Vic;5;6;4;6;7;6;5;8;6;70;1;1;5;12;240;Normal;50;12;12;52;42;24;8;20;0|0;0|0;0|0;0|0;0|0;0|0;0|500;0|0;0|0;0|0;0|0;0|0;0|0;0|0
#;00000063.pro;Weak Peasant;4;4;4;4;4;4;4;7;4;30;1;1;4;8;30;Normal;21;8;8;46;36;16;8;20;0|0;0|0;0|0;0|0;0|0;0|0;0|500;0|0;0|0;0|0;0|0;0|0;0|0;0|0
#;00000064.pro;Weak Peasant;4;4;4;4;4;3;4;6;3;25;1;1;4;8;30;Normal;17;6;6;44;34;12;8;20;0|0;0|0;0|0;0|0;0|0;0|0;0|500;0|0;0|0;0|0;0|0;0|0;0|0;0|0
#;00000065.pro;Average Peasant;5;4;6;4;4;5;4;7;5;33;2;1;4;8;40;Normal;25;10;10;50;40;20;12;30;0|0;0|0;0|0;0|0;0|0;0|0;0|500;0|0;0|0;0|0;0|0;0|0;0|0;0|0
#;00000066.pro;Average Peasant;5;4;5;4;4;4;4;7;4;28;1;1;4;8;40;Normal;21;8;8;48;38;16;10;25;0|0;0|0;0|0;0|0;0|0;0|0;0|500;0|0;0|0;0|0;0|0;0|0;0|0;0|0
#;00000067.pro;Strong Peasant;6;5;7;4;4;6;4;8;6;36;2;1;4;10;55;Normal;29;12;12;54;44;24;14;35;0|0;0|0;0|0;0|0;0|0;0|0;0|500;0|0;0|0;0|0;0|0;0|0;0|0;0|0
#;00000068.pro;Strong Peasant;6;5;6;4;4;5;4;7;5;31;2;1;4;10;55;Normal;25;10;10;52;42;20;12;30;0|0;0|0;0|0;0|0;0|0;0|0;0|500;0|0;0|0;0|0;0|0;0|0;0|0;0|0
#;00000069.pro;Weak Melee Guard;7;5;6;5;4;7;5;8;22;45;2;2;5;10;70;Normal;56;14;14;66;61;28;12;30;2|25;0|20;0|20;0|10;0|30;0|20;0|500;0|0;0|0;0|0;0|0;0|0;0|0;0|0
#;00000070.pro;Weak Melee Guard;6;5;6;5;5;7;5;8;22;42;2;1;5;10;70;Normal;54;14;14;63;57;30;12;30;2|25;0|20;0|20;0|10;0|30;0|20;0|500;0|0;0|0;0|0;0|0;0|0;0|0;0|0
#;00000071.pro;Weak Gun Guard;6;6;5;5;5;6;5;8;21;43;1;1;5;12;75;Normal;58;23;19;54;47;24;10;25;2|25;0|20;0|20;0|10;0|30;0|20;0|500;0|0;0|0;0|0;0|0;0|0;0|0;0|0
#;00000072.pro;Weak Gun Guard;5;6;5;5;4;6;5;8;21;46;1;1;5;12;75;Normal;56;25;17;52;50;24;10;25;2|25;0|20;0|20;0|10;0|30;0|20;0|500;0|0;0|0;0|0;0|0;0|0;0|0;0|0
#;00000073.pro;Repair Bot;10;8;4;1;5;4;5;7;14;60;1;5;5;16;240;Normal;21;40;30;58;48;16;8;20;4|30;6|75;4|10;4|20;0|0;4|25;0|0;0|0;0|0;0|0;0|0;0|0;0|0;0|0
#;00000074.pro;Repair Bot Mark II;10;10;5;1;6;6;5;8;16;80;1;5;5;20;280;Normal;29;50;35;62;52;24;10;25;4|30;6|75;4|10;4|20;0|0;4|25;0|0;0|0;0|0;0|0;0|0;0|0;0|0;0|0
#;00000075.pro;Robobrain;6;8;8;1;5;4;1;7;24;80;2;1;1;16;300;Normal;85;85;85;105;80;16;16;40;5|40;8|60;4|30;4|50;2|50;6|40;0|40;0|0;0|0;0|0;0|0;0|0;0|0;0|0
#;00000076.pro;Floating Eye Bot;3;10;7;1;4;8;3;9;18;60;2;7;3;20;275;Electrical;95;85;90;90;115;120;14;35;4|30;6|75;4|10;4|20;0|0;4|25;0|0;0|0;0|0;0|0;0|0;0|0;0|0;0|0
#;00000077.pro;Sentry Bot;7;7;7;1;4;7;5;8;32;100;2;2;5;14;500;Normal;33;95;110;90;90;28;14;35;12|40;18|80;12|60;10|40;12|40;20|50;0|10;0|0;0|0;0|0;0|0;0|0;0|0;0|0
#;00000078.pro;Sentry Bot Mark II;9;8;8;1;5;9;5;9;34;120;2;4;5;16;600;Normal;41;105;125;105;105;36;16;40;13|50;19|90;14|70;13|50;13|50;20|60;0|15;0|0;0|0;0|0;0|0;0|0;0|0;0|0
#;00000079.pro;Robobrain;8;7;6;1;10;7;5;10;27;115;2;8;5;14;300;Normal;110;80;75;100;70;70;12;30;5|40;8|60;4|30;4|50;2|50;6|40;0|0;0|0;0|0;0|0;0|0;0|0;0|0;0|0
;00000080.pro;Little Gecko;4;3;3;1;1;5;3;6;13;25;1;2;3;6;55;Normal;25;10;10;65;38;20;6;15;0|20;0|0;0|10;0|10;0|30;0|20;0|500;0|0;0|0;0|0;0|0;0|0;0|0;0|0
;00000081.pro;Tough Lil Gecko;5;3;3;1;1;6;4;7;14;35;1;3;4;6;60;Normal;29;12;12;75;42;24;6;15;0|20;0|0;0|10;0|10;0|30;0|20;0|500;0|0;0|0;0|0;0|0;0|0;0|0;0|0
;00000082.pro;Wild Dog;4;7;7;1;1;6;5;8;14;25;2;7;5;14;60;Normal;29;12;12;82;40;24;14;35;0|20;0|0;0|20;0|20;0|25;0|15;0|500;0|0;0|0;0|0;0|0;0|0;0|0;0|0
;00000083.pro;Golden Gecko;6;3;3;1;1;7;4;8;22;45;1;4;4;6;135;Normal;33;14;14;90;46;28;6;15;2|25;2|0;0|20;0|10;0|30;0|20;0|500;0|0;0|0;0|0;0|0;0|0;0|0;0|0
;00000084.pro;Deathclaw;10;8;10;1;7;10;5;11;10;225;3;19;25;26;750;Normal;45;20;20;125;60;40;20;50;6|25;4|10;4|20;4|20;4|20;6|20;0|500;0|0;0|0;0|0;0|0;0|0;0|0;0|0
;00000085.pro;Deathclaw Spawn;8;6;8;1;5;8;3;9;8;60;2;13;3;17;150;Normal;37;16;16;100;52;32;16;40;0|20;0|20;0|20;0|10;0|30;0|10;0|500;0|0;0|0;0|0;0|0;0|0;0|0;0|0
#;00000086.pro;Tough Golden Gecko;7;3;3;1;1;8;5;10;23;65;1;7;10;6;210;Normal;37;16;16;100;50;32;6;15;2|25;0|20;0|20;0|10;0|30;0|20;0|500;0|0;0|0;0|0;0|0;0|0;0|0;0|0
#;00000087.pro;Lynette;4;7;5;7;7;6;5;8;21;45;1;1;5;14;300;Normal;29;25;25;50;40;25;10;25;0|0;0|0;0|0;0|0;0|0;0|0;0|500;0|0;0|0;0|0;0|0;0|0;0|0;0|0
#;00000088.pro;Dr. Troy;4;8;4;4;9;6;7;8;6;45;1;1;7;16;125;Normal;29;12;50;50;40;25;8;20;0|0;0|0;0|0;0|0;0|0;0|0;0|500;0|0;0|0;0|0;0|0;0|0;0|0;0|0
#;00000089.pro;John Cassidy;6;7;4;5;4;6;9;8;21;80;1;1;9;14;300;Normal;95;12;80;80;90;60;8;20;2|25;0|20;0|20;0|10;0|30;0|20;0|500;0|0;0|0;0|0;0|0;0|0;0|0;0|0
#;00000090.pro;Gregory;4;7;5;5;9;5;10;7;5;64;1;1;10;14;350;Normal;80;10;30;48;38;20;10;25;0|0;0|0;0|0;0|0;0|0;0|0;0|500;0|0;0|0;0|0;0|0;0|0;0|0;0|0
#;00000091.pro;Citizen (Female);5;6;4;7;7;6;5;8;6;50;1;1;5;12;100;Normal;76;28;12;78;89;24;8;20;0|0;0|0;0|0;0|0;0|0;0|0;0|500;0|0;0|0;0|0;0|0;0|0;0|0;0|0
#;00000092.pro;Citizen (Male);5;6;5;6;7;5;5;7;5;50;1;1;5;12;100;Normal;78;27;10;81;86;20;10;25;0|0;0|0;0|0;0|0;0|0;0|0;0|500;0|0;0|0;0|0;0|0;0|0;0|0;0|0
#;00000093.pro;Up Class Citizen (F);4;7;4;7;8;4;6;7;4;55;1;1;6;14;110;Normal;70;25;10;76;81;16;8;20;0|0;0|0;0|0;0|0;0|0;0|0;0|500;0|0;0|0;0|0;0|0;0|0;0|0;0|0
#;00000094.pro;Up Class Citizen (M);4;7;4;8;8;5;6;7;5;55;1;1;6;14;110;Normal;67;23;10;71;76;20;8;20;0|0;0|0;0|0;0|0;0|0;0|0;0|500;0|0;0|0;0|0;0|0;0|0;0|0;0|0
#;00000095.pro;Trapper;7;6;8;4;5;6;6;8;21;50;2;2;6;12;100;Normal;75;12;12;75;80;80;16;40;2|25;0|20;0|20;0|10;0|30;0|20;0|500;0|0;0|0;0|0;0|0;0|0;0|0;0|0
#;00000096.pro;Trapper;6;6;8;4;5;7;6;8;17;50;2;1;6;12;100;Normal;75;14;14;75;80;80;16;40;4|30;6|75;4|10;4|20;0|0;4|25;0|500;0|0;0|0;0|0;0|0;0|0;0|0;0|0
#;00000097.pro;Sulik;7;7;8;8;7;7;5;9;7;85;2;6;9;18;150;Normal;70;14;14;90;95;80;16;40;0|0;0|0;0|0;0|0;0|0;0|0;0|500;0|0;0|0;0|0;0|0;0|0;0|0;0|0
#;00000098.pro;Maida Buckner;7;5;6;4;4;5;4;7;5;33;2;2;4;10;60;Normal;25;10;10;54;44;20;12;30;0|0;0|0;0|0;0|0;0|0;0|0;0|500;0|0;0|0;0|0;0|0;0|0;0|0;0|0
#;00000099.pro;Torr;7;5;9;3;3;5;7;7;5;68;3;2;7;10;110;Normal;75;45;25;80;76;75;18;45;0|0;0|0;0|0;0|0;0|0;0|0;0|500;0|0;0|0;0|0;0|0;0|0;0|0;0|0
#;00000100.pro;Lumpy;5;5;5;3;6;4;5;7;4;35;1;1;5;10;70;Normal;21;8;8;50;50;16;10;25;0|0;0|0;0|0;0|0;0|0;0|0;0|500;0|0;0|0;0|0;0|0;0|0;0|0;0|0
#;00000101.pro;Reactor Glowing One;6;4;6;3;5;3;4;6;3;60;2;1;4;8;120;Normal;17;6;6;50;60;20;12;30;0|0;0|0;0|0;0|0;0|0;0|0;0|500;0|0;0|0;0|0;0|0;0|0;0|0;0|0
#;00000102.pro;Reactor Ghoul;5;4;5;4;6;4;5;7;4;40;1;1;5;8;80;Normal;45;8;8;48;38;20;10;25;0|0;0|0;0|0;0|0;0|0;0|0;0|500;0|0;0|0;0|0;0|0;0|0;0|0;0|0
#;00000103.pro;Reactor Guard;6;5;6;4;5;4;6;7;4;70;2;1;6;10;150;Normal;65;10;10;60;60;50;12;30;0|0;0|0;0|0;0|0;0|0;0|0;0|500;0|0;0|0;0|0;0|0;0|0;0|0;0|0
#;00000104.pro;Zomak;7;5;6;3;3;5;3;7;5;75;2;2;3;10;200;Normal;70;10;10;60;65;60;12;30;0|0;0|0;0|0;0|0;0|0;0|0;0|500;0|0;0|0;0|0;0|0;0|0;0|0;0|0
#;00000105.pro;Skeeter;5;7;5;4;7;7;8;8;7;40;1;1;8;14;80;Normal;45;45;45;54;44;28;10;25;0|0;0|0;0|0;0|0;0|0;0|0;0|500;0|0;0|0;0|0;0|0;0|0;0|0;0|0
;00000106.pro;The Brain;6;8;5;2;9;7;8;8;22;80;1;4;8;16;250;Normal;33;14;14;100;46;70;10;25;2|25;0|20;0|20;0|10;0|30;0|20;0|500;0|0;0|0;0|0;0|0;0|0;0|0;0|0
#;00000107.pro;Lenny;4;6;5;2;6;5;5;7;5;129;1;1;5;12;130;Normal;70;10;10;48;50;20;10;25;0|0;0|0;0|0;0|0;0|0;0|0;0|500;0|0;0|0;0|0;0|0;0|0;0|0;0|0
#;00000108.pro;Wooz;6;7;6;3;5;7;4;8;7;75;2;1;4;14;160;Normal;75;14;14;65;70;28;12;30;0|0;0|0;0|0;0|0;0|0;0|0;0|500;0|0;0|0;0|0;0|0;0|0;0|0;0|0
#;00000109.pro;Harold;6;8;5;5;6;6;7;8;6;80;1;1;7;16;250;Normal;80;12;12;70;60;24;10;25;0|0;0|0;0|0;0|0;0|0;0|0;0|500;0|0;0|0;0|0;0|0;0|0;0|0;0|0
;00000110.pro;Mole Rat;5;4;3;1;1;6;2;8;6;30;1;7;2;8;140;Normal;61;12;12;100;42;24;6;15;2|25;0|20;0|20;0|10;0|30;0|20;0|500;0|0;0|0;0|0;0|0;0|0;0|0;0|0
;00000111.pro;Greater Mole Rat;6;5;4;1;1;7;3;8;22;50;1;8;3;10;200;Normal;61;14;14;120;46;28;8;20;2|25;0|20;0|20;0|10;0|30;0|20;0|500;0|0;0|0;0|0;0|0;0|0;0|0;0|0
#;00000112.pro;Pig Rat;3;2;2;1;1;5;1;7;5;9;1;4;1;4;50;Normal;60;10;10;70;36;20;4;10;0|0;0|0;0|0;0|0;0|0;0|0;0|500;0|0;0|0;0|0;0|0;0|0;0|0;0|0
#;00000113.pro;Tough Pig Rat;4;3;3;1;1;5;1;7;5;15;1;6;1;6;75;Normal;60;10;10;80;38;20;6;15;0|0;0|0;0|0;0|0;0|0;0|0;0|500;0|0;0|0;0|0;0|0;0|0;0|0;0|0
#;00000114.pro;Weak Brahmin;4;3;4;1;1;3;1;6;18;30;1;1;1;6;40;Normal;17;6;6;44;34;12;8;20;0|20;0|20;0|20;0|10;0|30;0|10;0|500;0|0;0|0;0|0;0|0;0|0;0|0;0|0
#;00000115.pro;A.Pwr.Armor (don't use);5;5;5;5;5;5;5;7;35;30;1;1;5;10;60;Normal;25;10;10;50;40;20;10;25;15|55;19|90;16|70;15|60;15|60;20|65;0|500;0|0;0|0;0|0;0|0;0|0;0|0;0|0
#;00000116.pro;Mutated Rat;3;4;2;1;1;6;5;8;21;20;1;1;5;8;80;Normal;29;12;12;82;70;24;4;10;2|25;0|20;0|20;0|10;0|30;0|20;0|500;0|0;0|0;0|0;0|0;0|0;0|0;0|0
;00000117.pro;Mutated Mole Rat;7;6;5;1;1;8;4;9;18;72;1;7;4;12;300;Normal;61;16;16;120;50;90;10;25;4|30;4|10;4|10;4|20;4|10;4|25;0|500;0|0;0|0;0|0;0|0;0|0;0|0;0|0
#;00000118.pro;Mutated Pig Rat;5;4;4;1;1;7;4;8;22;26;1;5;4;8;90;Normal;33;14;14;90;44;28;8;20;2|25;0|20;0|20;0|10;0|30;0|20;0|500;0|0;0|0;0|0;0|0;0|0;0|0;0|0
#;00000119.pro;Super Mutant;9;9;8;4;7;8;8;9;28;100;2;4;8;18;350;Normal;63;80;70;105;95;32;16;40;5|40;5|40;4|30;4|50;2|50;6|40;0|500;0|0;0|0;0|0;0|0;0|0;0|0;0|0
#;00000120.pro;Powerful Mutant;10;9;9;4;7;9;8;9;29;110;3;5;8;18;425;Normal;63;87;80;110;105;36;18;45;8|40;7|50;7|50;7|60;6|60;8|40;0|500;0|0;0|0;0|0;0|0;0|0;0|0;0|0
#;00000121.pro;Melchoir;10;8;10;3;7;8;9;9;33;120;3;8;9;16;475;Normal;63;95;87;117;117;32;20;50;12|40;12|40;12|60;10|40;12|40;20|50;15|500;0|0;0|0;0|0;0|0;0|0;0|0;0|0
#;00000122.pro;Hero Andro (don't use);5;5;5;5;5;5;5;7;30;30;1;1;5;10;60;Normal;25;10;10;50;40;20;10;25;12|40;18|80;12|60;10|40;12|40;20|50;15|500;0|0;0|0;0|0;0|0;0|0;0|0;0|0
#;00000123.pro;Hero Andro (don't use);5;5;5;5;5;5;5;7;10;30;1;1;5;10;60;Normal;25;10;10;50;40;20;10;25;0|20;0|25;0|10;0|10;0|40;0|20;0|500;0|0;0|0;0|0;0|0;0|0;0|0;0|0
#;00000124.pro;Hero Male (don't use);5;5;5;5;5;5;5;7;5;30;1;1;5;10;60;Normal;25;10;10;50;40;20;10;25;0|0;0|0;0|0;0|0;0|0;0|0;0|500;0|0;0|0;0|0;0|0;0|0;0|0;0|0
#;00000125.pro;Hero Female (don't use);5;5;5;5;5;5;5;7;5;30;1;1;5;10;60;Normal;25;10;10;50;40;20;10;25;0|0;0|0;0|0;0|0;0|0;0|0;0|500;0|0;0|0;0|0;0|0;0|0;0|0;0|0
#;00000126.pro;Hero Male (don't use);5;5;5;5;5;5;5;7;20;30;1;1;5;10;60;Normal;25;10;10;50;40;20;10;25;2|25;0|20;0|20;0|10;0|30;0|20;0|500;0|0;0|0;0|0;0|0;0|0;0|0;0|0
#;00000127.pro;Hero Female (don't use);5;5;5;5;5;5;5;7;20;30;1;1;5;10;60;Normal;25;10;10;50;40;20;10;25;2|25;0|20;0|20;0|10;0|30;0|20;0|500;0|0;0|0;0|0;0|0;0|0;0|0;0|0
#;00000128.pro;Hero Male (don't use);5;5;5;5;5;5;5;7;15;30;1;1;5;10;60;Normal;25;10;10;50;40;20;10;25;4|30;6|75;4|10;4|20;0|0;4|25;0|500;0|0;0|0;0|0;0|0;0|0;0|0;0|0
#;00000129.pro;Hero Female (don't use);5;5;5;5;5;5;5;7;15;30;1;1;5;10;60;Normal;25;10;10;50;40;20;10;25;4|30;6|75;4|10;4|20;0|0;4|25;0|500;0|0;0|0;0|0;0|0;0|0;0|0;0|0
#;00000130.pro;Hero Male (don't use);5;5;5;5;5;5;5;7;13;30;1;1;5;10;60;Normal;25;10;10;50;40;20;10;25;0|20;0|20;0|10;0|10;0|30;0|20;0|500;0|0;0|0;0|0;0|0;0|0;0|0;0|0
#;00000131.pro;Hero Female (don't use);5;5;5;5;5;5;5;7;13;30;1;1;5;10;60;Normal;25;10;10;50;40;20;10;25;0|20;0|20;0|10;0|10;0|30;0|20;0|500;0|0;0|0;0|0;0|0;0|0;0|0;0|0
#;00000132.pro;Hero Male (don't use);5;5;5;5;5;5;5;7;25;30;1;1;5;10;60;Normal;25;10;10;50;40;20;10;25;5|40;8|60;4|30;4|50;2|50;6|40;0|500;0|0;0|0;0|0;0|0;0|0;0|0;0|0
#;00000133.pro;Hero Female (don't use);5;5;5;5;5;5;5;7;25;30;1;1;5;10;60;Normal;25;10;10;50;40;20;10;25;5|40;8|60;4|30;4|50;2|50;6|40;0|500;0|0;0|0;0|0;0|0;0|0;0|0;0|0
#;00000134.pro;Vault City Guard;7;6;6;5;5;5;5;7;25;63;2;2;5;12;210;Normal;75;60;50;80;76;20;12;30;5|40;8|60;4|30;4|50;2|50;6|40;0|500;0|0;0|0;0|0;0|0;0|0;0|0;0|0
#;00000135.pro;Vault City Guard;6;7;6;5;5;6;5;8;26;59;2;1;5;14;210;Normal;70;65;50;75;79;24;12;30;5|40;8|60;4|30;4|50;2|50;6|40;0|500;0|0;0|0;0|0;0|0;0|0;0|0;0|0
#;00000136.pro;Cyberdog;6;9;8;1;3;8;5;9;18;97;2;10;10;18;200;Normal;37;16;16;110;100;32;16;40;4|30;6|75;4|10;4|20;0|0;4|25;0|500;0|0;0|0;0|0;0|0;0|0;0|0;0|0
#;00000137.pro;NCR Guard;7;7;6;5;4;7;5;10;27;94;2;2;10;14;250;Normal;115;115;115;85;90;70;12;30;8|40;8|70;7|50;7|60;6|60;8|40;0|500;0|0;0|0;0|0;0|0;0|0;0|0;0|0
#;00000138.pro;NCR Guard;6;7;6;5;5;7;5;8;27;74;2;1;5;14;250;Normal;85;65;85;90;85;70;12;30;8|40;8|70;7|50;7|60;6|60;8|40;0|500;0|0;0|0;0|0;0|0;0|0;0|0;0|0
#;00000139.pro;NCR Melee Guard;8;6;5;4;4;6;4;8;21;78;1;8;4;12;175;Normal;65;45;40;100;81;45;10;25;4|35;2|30;2|30;2|20;2|40;2|30;2|500;0|0;0|0;0|0;0|0;0|0;0|0;0|0
#;00000140.pro;Slaver Guard;7;4;6;3;4;7;7;9;27;84;2;2;12;8;200;Normal;105;14;14;80;80;28;12;30;3|25;1|20;1|25;1|10;1|40;1|25;0|500;0|0;0|0;0|0;0|0;0|0;0|0;0|0
#;00000141.pro;Slaver Overseer;6;7;6;4;4;6;9;9;16;98;2;1;19;14;275;Normal;110;12;12;90;85;24;12;30;4|30;6|75;4|10;4|20;0|0;4|25;0|500;0|0;0|0;0|0;0|0;0|0;0|0;0|0
#;00000142.pro;Grand Master Trader;4;8;4;7;6;7;9;8;22;55;1;1;9;16;120;Normal;80;75;70;80;85;28;8;20;2|25;0|20;0|20;0|10;0|30;0|20;0|500;0|0;0|0;0|0;0|0;0|0;0|0;0|0
#;00000143.pro;Grand Master Trader;4;8;4;8;7;6;9;8;21;50;1;1;9;16;120;Normal;75;70;65;85;90;24;8;20;2|25;0|20;0|20;0|10;0|30;0|20;0|500;0|0;0|0;0|0;0|0;0|0;0|0;0|0
#;00000144.pro;Tandi;4;6;4;9;7;5;9;7;20;50;1;1;9;12;200;Normal;75;10;10;85;85;20;8;20;2|25;0|20;0|20;0|10;0|30;0|20;0|500;0|0;0|0;0|0;0|0;0|0;0|0;0|0
#;00000145.pro;Merc;6;7;4;5;4;8;5;9;23;61;1;1;5;14;170;Normal;80;16;16;75;48;32;8;20;0|0;0|0;0|0;0|0;0|0;0|0;0|500;0|0;0|0;0|0;0|0;0|0;0|0;0|0
#;00000146.pro;Ratch;7;7;6;4;4;7;3;8;22;57;2;2;3;14;140;Normal;33;14;14;70;75;28;12;30;0|10;0|10;0|10;0|0;0|10;0|0;0|500;0|0;0|0;0|0;0|0;0|0;0|0;0|0
#;00000147.pro;Doofus;6;3;4;3;4;7;4;8;7;60;1;1;4;6;120;Normal;33;14;14;56;46;28;8;20;0|0;0|0;0|0;0|0;0|0;0|0;0|500;0|0;0|0;0|0;0|0;0|0;0|0;0|0
#;00000148.pro;Mikey;5;6;6;7;5;5;5;7;5;50;2;1;5;12;125;Normal;25;10;10;65;70;20;12;30;0|0;0|0;0|0;0|0;0|0;0|0;0|500;0|0;0|0;0|0;0|0;0|0;0|0;0|0
#;00000149.pro;NCR Bartender;5;8;5;6;4;7;5;8;15;75;1;1;5;16;150;Normal;89;14;14;90;90;28;10;25;0|20;0|20;0|10;0|10;0|30;0|20;0|500;0|0;0|0;0|0;0|0;0|0;0|0;0|0
#;00000150.pro;Shop Owner;4;5;4;5;5;6;6;8;6;65;1;1;6;10;100;Normal;70;12;12;75;80;24;8;20;0|0;0|0;0|0;0|0;0|0;0|0;0|500;0|0;0|0;0|0;0|0;0|0;0|0;0|0
#;00000151.pro;Gruthar;9;10;8;4;5;10;6;12;35;250;2;24;26;30;1200;Normal;45;20;20;120;120;40;16;40;12|40;12|40;12|60;10|40;12|40;20|50;15|500;0|0;0|0;0|0;0|0;0|0;0|0;0|0
#;00000152.pro;Goris;8;9;7;4;5;8;6;11;28;125;2;23;11;28;900;Normal;37;16;16;110;110;32;14;35;5|40;8|60;4|30;4|50;2|50;6|40;0|500;0|0;0|0;0|0;0|0;0|0;0|0;0|0
#;00000153.pro;Molerat Fighter;6;10;3;1;1;4;3;7;9;40;1;7;3;20;120;Normal;53;12;12;95;40;16;6;15;0|20;0|25;0|10;0|10;0|40;0|20;0|500;0|0;0|0;0|0;0|0;0|0;0|0;0|0
#;00000154.pro;Molerat Fighter;7;4;10;1;1;5;5;7;10;55;3;8;5;8;120;Normal;57;14;14;85;44;20;20;50;0|20;0|25;0|10;0|10;0|40;0|20;0|500;0|0;0|0;0|0;0|0;0|0;0|0;0|0
#;00000155.pro;Molerat Fighter;10;3;3;1;1;4;5;7;9;40;1;11;5;6;120;Normal;53;12;12;75;48;16;6;15;0|20;0|25;0|10;0|10;0|40;0|20;0|500;0|0;0|0;0|0;0|0;0|0;0|0;0|0
#;00000156.pro;Molerat Fighter;4;4;8;1;1;6;10;8;11;35;2;7;10;8;120;Normal;61;16;16;110;40;24;16;40;0|20;0|25;0|10;0|10;0|40;0|20;0|500;0|0;0|0;0|0;0|0;0|0;0|0;0|0
#;00000157.pro;Molerat Fighter;6;4;10;1;1;4;8;7;9;45;3;7;8;8;120;Normal;53;12;12;110;40;16;20;50;0|20;0|25;0|10;0|10;0|40;0|20;0|500;0|0;0|0;0|0;0|0;0|0;0|0;0|0
#;00000158.pro;Molerat Fighter;4;6;3;1;1;10;8;10;15;35;1;7;8;12;120;Normal;77;24;24;140;48;40;6;15;0|20;0|25;0|10;0|10;0|40;0|20;0|500;0|0;0|0;0|0;0|0;0|0;0|0;0|0
#;00000159.pro;Generic Ghoul;6;5;6;3;5;6;4;8;6;53;2;1;4;10;150;Normal;79;35;16;90;90;46;12;30;0|0;0|0;0|0;0|0;0|0;0|0;0|500;0|0;0|0;0|0;0|0;0|0;0|0;0|0
#;00000160.pro;Myron;4;6;4;4;8;4;6;7;9;70;1;1;6;12;100;Normal;50;50;50;50;50;16;8;20;0|0;0|0;0|0;0|0;0|0;0|0;0|500;0|0;0|0;0|0;0|0;0|0;0|0;0|0
#;00000161.pro;Marcus;10;8;10;3;7;8;9;9;28;130;3;10;18;16;475;Normal;63;115;87;110;110;32;20;50;4|30;4|30;4|10;4|20;4|10;4|25;0|500;0|0;0|0;0|0;0|0;0|0;0|0;0|0
#;00000162.pro;Doc Jones;4;7;4;4;7;7;5;8;12;55;1;1;5;14;100;Normal;50;50;50;52;50;50;8;20;0|20;0|25;0|10;0|10;0|40;0|20;0|500;0|0;0|0;0|0;0|0;0|0;0|0;0|0
#;00000163.pro;Davin;4;5;5;4;5;4;4;7;4;35;1;1;4;10;70;Normal;21;8;8;46;36;16;10;25;0|0;0|0;0|0;0|0;0|0;0|0;0|500;0|0;0|0;0|0;0|0;0|0;0|0;0|0
#;00000164.pro;Miria;3;5;4;5;5;5;4;7;5;35;1;1;4;10;70;Normal;25;10;10;46;36;20;8;20;0|0;0|0;0|0;0|0;0|0;0|0;0|500;0|0;0|0;0|0;0|0;0|0;0|0;0|0
#;00000165.pro;Laddie;3;3;6;1;1;5;3;7;5;20;2;4;3;6;60;Normal;25;10;10;72;36;20;12;30;0|0;0|0;0|0;0|0;0|0;0|0;0|500;0|0;0|0;0|0;0|0;0|0;0|0;0|0
#;00000166.pro;Rondo;7;6;7;4;4;6;5;8;21;80;2;2;5;12;150;Normal;50;110;50;85;80;24;14;35;2|25;0|20;0|20;0|10;0|30;0|20;0|500;0|0;0|0;0|0;0|0;0|0;0|0;0|0
#;00000167.pro;Ranch Hand;6;8;6;4;4;7;6;8;7;70;2;1;6;16;120;Normal;90;14;14;100;95;28;12;30;0|0;0|0;0|0;0|0;0|0;0|0;0|500;0|0;0|0;0|0;0|0;0|0;0|0;0|0
#;00000168.pro;Ranch Hand;6;9;6;5;4;8;6;9;8;73;2;1;6;18;130;Normal;95;16;16;95;90;32;12;30;0|0;0|0;0|0;0|0;0|0;0|0;0|500;0|0;0|0;0|0;0|0;0|0;0|0;0|0
#;00000169.pro;Ranch Hand;7;8;7;4;4;7;7;8;22;76;2;2;7;16;160;Normal;100;14;14;90;100;28;14;35;2|25;0|20;0|20;0|10;0|30;0|20;0|500;0|0;0|0;0|0;0|0;0|0;0|0;0|0
#;00000170.pro;Bouncer;10;6;10;4;3;5;3;9;20;70;3;8;3;12;200;Normal;100;100;10;100;80;20;20;50;2|35;0|20;0|20;0|10;0|30;0|20;0|500;0|0;0|0;0|0;0|0;0|0;0|0;0|0
#;00000171.pro;Bouncer;10;6;10;4;3;5;3;9;20;70;3;8;3;12;200;Normal;100;100;10;100;80;20;20;50;2|35;0|20;0|20;0|10;0|30;0|20;0|500;0|0;0|0;0|0;0|0;0|0;0|0;0|0
#;00000172.pro;Weak Mr. Handy;9;4;4;1;4;4;4;10;19;60;1;8;10;8;200;Normal;21;40;30;90;46;16;8;20;2|25;2|40;0|20;0|10;0|30;0|20;0|0;0|0;0|0;0|0;0|0;0|0;0|0;0|0
#;00000173.pro;Generic Glowing One;6;4;6;3;5;4;4;7;4;50;2;1;4;8;100;Normal;21;8;8;50;60;20;12;30;0|0;0|0;0|0;0|0;0|0;0|0;0|500;0|0;0|0;0|0;0|0;0|0;0|0;0|0
#;00000174.pro;Dar;8;8;7;3;5;9;5;10;24;200;2;17;25;26;900;Normal;41;18;18;115;115;36;14;35;6|25;4|10;4|20;4|20;4|20;6|20;0|500;0|0;0|0;0|0;0|0;0|0;0|0;0|0
#;00000175.pro;Dalia;6;7;5;6;5;8;6;9;18;70;1;1;6;14;160;Normal;110;16;16;70;70;32;10;25;4|30;6|75;4|10;4|20;0|0;4|25;0|500;0|0;0|0;0|0;0|0;0|0;0|0;0|0
#;00000176.pro;Gordon;5;7;6;5;7;7;8;8;12;74;2;1;8;14;180;Normal;90;75;95;60;60;60;12;30;0|20;0|25;0|10;0|10;0|40;0|20;0|500;0|0;0|0;0|0;0|0;0|0;0|0;0|0
#;00000177.pro;test (don't use);5;5;5;5;5;5;5;7;5;39;1;1;5;10;60;Normal;100;100;100;100;100;40;10;25;0|100;0|100;0|100;0|100;0|100;0|100;0|100;0|0;0|0;0|0;0|0;0|0;0|0;0|0
#;00000178.pro;Reactor Ghoul;5;4;5;4;6;4;5;7;4;40;1;1;5;8;80;Normal;55;8;8;48;38;20;10;25;0|0;0|0;0|0;0|0;0|0;0|0;0|500;0|0;0|0;0|0;0|0;0|0;0|0;0|0
#;00000179.pro;Generic Ghoul;6;5;6;3;5;6;4;8;6;53;2;1;4;10;150;Normal;79;35;16;90;90;46;12;30;0|0;0|0;0|0;0|0;0|0;0|0;0|500;0|0;0|0;0|0;0|0;0|0;0|0;0|0
#;00000180.pro;Matt;6;7;7;4;4;8;5;9;8;70;2;1;5;14;160;Normal;100;16;16;95;90;70;14;35;0|0;0|0;0|0;0|0;0|0;0|0;0|500;0|0;0|0;0|0;0|0;0|0;0|0;0|0
#;00000181.pro;B. Hunter Lead (1-6);6;7;7;5;4;8;7;9;16;60;2;1;7;14;150;Normal;89;93;96;90;87;85;14;35;0|20;0|20;0|10;0|10;0|30;0|20;0|500;0|0;0|0;0|0;0|0;0|0;0|0;0|0
#;00000182.pro;Bounty Hunter (1-6);5;6;6;4;4;7;5;8;15;50;2;1;5;12;100;Normal;80;85;90;82;80;79;12;30;0|20;0|20;0|10;0|10;0|30;0|20;0|500;0|0;0|0;0|0;0|0;0|0;0|0;0|0
#;00000183.pro;B. Hunter Lead (7-12);7;8;7;5;6;9;8;11;19;80;2;4;8;21;300;Normal;102;105;110;100;100;96;14;35;4|30;6|75;4|10;4|20;0|0;4|25;0|500;0|0;0|0;0|0;0|0;0|0;0|0;0|0
#;00000184.pro;Bounty Hunter (7-12);6;6;7;5;5;8;6;9;23;70;2;3;6;15;225;Normal;94;100;106;90;90;90;14;35;2|25;0|20;0|20;0|10;0|30;0|20;0|500;0|0;0|0;0|0;0|0;0|0;0|0;0|0
#;00000185.pro;Bounty Hunter (7-12);6;7;6;6;5;7;7;8;22;75;2;3;7;17;225;Normal;99;100;102;90;95;85;12;30;2|25;0|20;0|20;0|10;0|30;0|20;0|500;0|0;0|0;0|0;0|0;0|0;0|0;0|0
#;00000186.pro;B. Hunter Lead (13-18);8;9;8;7;8;10;7;13;30;100;2;7;7;24;500;Normal;120;125;130;140;120;110;16;40;5|40;8|60;4|30;4|50;2|50;6|40;0|500;0|0;0|0;0|0;0|0;0|0;0|0;0|0
#;00000187.pro;Bounty Hunter (13-18);7;7;8;5;6;9;8;10;29;85;2;6;8;17;400;Normal;110;110;115;120;110;100;16;40;5|40;8|60;4|30;4|50;2|50;6|40;0|500;0|0;0|0;0|0;0|0;0|0;0|0;0|0
#;00000188.pro;Bounty Hunter (13-18);7;8;7;6;6;8;9;10;28;90;2;6;9;19;400;Normal;105;115;115;110;120;100;14;35;5|40;8|60;4|30;4|50;2|50;6|40;0|500;0|0;0|0;0|0;0|0;0|0;0|0;0|0
#;00000189.pro;B. Hunter Lead (19-?);10;10;10;8;9;10;10;12;40;150;3;11;10;27;900;Normal;150;150;160;170;160;140;20;50;15|55;19|90;16|70;15|60;15|60;20|65;0|500;0|0;0|0;0|0;0|0;0|0;0|0;0|0
#;00000190.pro;Bounty Hunter (19-?);8;9;10;7;7;10;10;12;35;140;3;9;10;21;700;Normal;135;140;140;150;140;125;20;50;12|40;18|80;12|60;10|40;12|40;20|50;15|500;0|0;0|0;0|0;0|0;0|0;0|0;0|0
#;00000191.pro;Bess;8;3;8;3;2;4;1;7;4;35;2;7;1;6;80;Normal;21;8;8;73;44;16;16;40;0|20;0|20;0|20;0|10;0|30;0|10;0|500;0|0;0|0;0|0;0|0;0|0;0|0;0|0
#;00000192.pro;Balthas;7;5;5;7;4;6;5;8;21;50;1;2;5;10;120;Normal;60;12;12;75;80;24;10;25;2|25;0|20;0|20;0|10;0|30;0|20;0|500;0|0;0|0;0|0;0|0;0|0;0|0;0|0
#;00000193.pro;Grisham;6;5;4;4;4;6;6;8;11;43;1;1;6;10;110;Normal;95;12;12;65;70;24;8;20;0|10;0|10;0|10;0|10;0|10;0|10;0|500;0|0;0|0;0|0;0|0;0|0;0|0;0|0
#;00000194.pro;Phil;8;7;7;5;5;7;6;8;17;70;2;3;6;14;350;Normal;70;50;40;100;100;28;14;35;4|30;6|75;4|10;4|20;0|0;4|25;0|500;0|0;0|0;0|0;0|0;0|0;0|0;0|0
#;00000195.pro;Chicken;8;7;7;3;2;9;5;9;9;200;2;13;20;22;800;Normal;41;18;18;100;105;36;14;35;6|25;4|10;4|20;4|20;4|20;6|20;0|500;0|0;0|0;0|0;0|0;0|0;0|0;0|0
#;00000196.pro;Karl;6;4;5;4;4;5;3;7;5;40;1;1;3;8;60;Normal;25;10;10;52;42;60;10;25;0|0;0|0;0|0;0|0;0|0;0|0;0|500;0|0;0|0;0|0;0|0;0|0;0|0;0|0
#;00000197.pro;Jonny;4;7;4;3;4;8;7;9;8;26;1;1;7;14;30;Normal;37;16;16;54;44;120;8;20;0|0;0|0;0|0;0|0;0|0;0|0;0|500;0|0;0|0;0|0;0|0;0|0;0|0;0|0
#;00000198.pro;Jo;4;7;4;7;8;4;6;7;4;48;1;1;6;14;60;Normal;70;25;10;76;81;16;8;20;0|0;0|0;0|0;0|0;0|0;0|0;0|500;0|0;0|0;0|0;0|0;0|0;0|0;0|0
#;00000199.pro;Zeke;4;4;4;6;5;6;8;8;6;67;1;1;8;8;100;Normal;29;12;12;60;80;24;8;20;0|0;0|0;0|0;0|0;0|0;0|0;0|500;0|0;0|0;0|0;0|0;0|0;0|0;0|0
#;00000200.pro;Butcher;5;5;5;5;5;5;5;7;5;30;1;3;5;10;60;Normal;25;10;10;80;70;20;10;25;0|0;0|0;0|0;0|0;0|0;0|0;0|500;0|0;0|0;0|0;0|0;0|0;0|0;0|0
#;00000201.pro;Petey;4;4;4;4;4;4;3;7;4;25;1;1;3;8;35;Normal;21;8;8;46;36;16;8;20;0|0;0|0;0|0;0|0;0|0;0|0;0|500;0|0;0|0;0|0;0|0;0|0;0|0;0|0
#;00000202.pro;Primitive Hunter;5;7;5;3;4;5;5;7;5;40;1;1;5;14;60;Normal;25;10;10;65;70;75;10;25;0|0;0|0;0|0;0|0;0|0;0|0;0|500;0|0;0|0;0|0;0|0;0|0;0|0;0|0
#;00000203.pro;Primitive Hunter;5;8;5;3;4;5;5;7;5;35;1;1;5;16;60;Normal;25;10;10;70;65;70;10;25;0|0;0|0;0|0;0|0;0|0;0|0;0|500;0|0;0|0;0|0;0|0;0|0;0|0;0|0
#;00000204.pro;Cannibal;5;7;6;3;4;6;5;8;6;50;2;1;5;14;80;Normal;29;12;12;75;80;80;12;30;0|0;0|0;0|0;0|0;0|0;0|0;0|500;0|0;0|0;0|0;0|0;0|0;0|0;0|0
#;00000205.pro;Cannibal;5;8;5;3;4;7;4;8;7;47;1;1;4;16;80;Normal;33;14;14;70;75;80;10;25;0|0;0|0;0|0;0|0;0|0;0|0;0|500;0|0;0|0;0|0;0|0;0|0;0|0;0|0
#;00000206.pro;Holy Man;5;7;6;9;5;8;8;9;8;47;2;1;8;14;70;Normal;70;60;50;70;70;60;12;30;0|0;0|0;0|0;0|0;0|0;0|0;0|500;0|0;0|0;0|0;0|0;0|0;0|0;0|0
#;00000207.pro;Holy Woman;5;6;5;9;5;8;8;9;8;45;1;1;8;12;70;Normal;65;65;50;75;70;60;10;25;0|0;0|0;0|0;0|0;0|0;0|0;0|500;0|0;0|0;0|0;0|0;0|0;0|0;0|0
#;00000208.pro;Nomad- Low;6;6;7;4;4;7;4;8;15;55;2;1;4;12;75;Normal;70;14;14;75;80;70;14;35;0|20;0|20;0|10;0|10;0|30;0|20;0|500;0|0;0|0;0|0;0|0;0|0;0|0;0|0
#;00000209.pro;Nomad- Med;6;6;7;4;4;7;5;8;22;65;2;1;5;12;95;Normal;75;60;14;85;85;80;14;35;2|25;0|20;0|20;0|10;0|30;0|20;0|500;0|0;0|0;0|0;0|0;0|0;0|0;0|0
#;00000210.pro;Nomad- Low;6;5;6;4;4;8;4;9;16;50;2;1;4;10;75;Normal;65;16;16;70;75;75;12;30;0|20;0|20;0|10;0|10;0|30;0|20;0|500;0|0;0|0;0|0;0|0;0|0;0|0;0|0
#;00000211.pro;Nomad- Med;6;7;6;4;4;8;5;9;23;62;2;1;5;14;95;Normal;70;55;16;80;85;85;12;30;2|25;0|20;0|20;0|10;0|30;0|20;0|500;0|0;0|0;0|0;0|0;0|0;0|0;0|0
#;00000212.pro;Bandit;6;6;5;4;4;7;5;8;15;68;1;1;5;12;105;Normal;80;14;14;80;80;80;10;25;0|20;0|20;0|10;0|10;0|30;0|20;0|500;0|0;0|0;0|0;0|0;0|0;0|0;0|0
#;00000213.pro;Bandit;7;6;4;4;4;7;4;8;15;65;1;2;4;12;105;Normal;75;20;14;80;80;80;8;20;0|20;0|20;0|10;0|10;0|30;0|20;0|500;0|0;0|0;0|0;0|0;0|0;0|0;0|0
#;00000214.pro;Farmer;8;5;7;4;4;5;6;7;5;40;2;3;6;10;60;Normal;70;10;10;70;70;60;14;35;0|0;0|0;0|0;0|0;0|0;0|0;0|500;0|0;0|0;0|0;0|0;0|0;0|0;0|0
#;00000215.pro;Farmer;7;5;6;4;4;6;7;8;6;35;2;2;7;10;60;Normal;70;12;12;65;70;60;12;30;0|0;0|0;0|0;0|0;0|0;0|0;0|500;0|0;0|0;0|0;0|0;0|0;0|0;0|0
#;00000216.pro;Mantis;4;3;5;1;1;4;1;7;4;30;1;4;1;6;70;Normal;21;8;8;90;60;16;10;25;0|0;0|0;0|0;0|0;0|0;0|0;0|500;0|0;0|0;0|0;0|0;0|0;0|0;0|0
#;00000217.pro;Slaver;5;6;6;5;4;8;6;9;23;55;2;1;6;12;80;Normal;85;16;16;75;70;60;12;30;2|25;0|20;0|20;0|10;0|30;0|20;0|500;0|0;0|0;0|0;0|0;0|0;0|0;0|0
#;00000218.pro;Slaver;5;7;6;5;4;7;7;8;7;60;2;1;7;14;80;Normal;80;14;14;70;80;60;12;30;0|0;0|0;0|0;0|0;0|0;0|0;0|500;0|0;0|0;0|0;0|0;0|0;0|0;0|0
#;00000219.pro;Wild Brahmin;8;5;5;1;3;6;5;8;21;65;1;7;5;10;120;Normal;29;12;12;110;50;24;10;25;2|25;0|20;0|20;0|10;0|30;0|20;0|500;0|0;0|0;0|0;0|0;0|0;0|0;0|0
#;00000220.pro;Homesteader;6;6;7;5;5;8;6;9;8;70;2;1;6;12;180;Normal;94;16;16;95;95;95;14;35;0|0;0|0;0|0;0|0;0|0;0|0;0|500;0|0;0|0;0|0;0|0;0|0;0|0;0|0
#;00000221.pro;Homesteader;6;7;6;6;5;7;7;8;7;75;2;1;7;14;180;Normal;99;14;14;90;95;85;12;30;0|0;0|0;0|0;0|0;0|0;0|0;0|500;0|0;0|0;0|0;0|0;0|0;0|0;0|0
#;00000222.pro;Vault City Patrol;7;7;7;6;5;8;6;9;28;80;2;2;6;14;260;Normal;80;80;80;90;90;90;14;35;5|40;8|60;4|30;4|50;2|50;6|40;0|500;0|0;0|0;0|0;0|0;0|0;0|0;0|0
#;00000223.pro;Vault City Patrol;7;8;6;6;5;7;7;8;27;80;2;2;7;16;260;Normal;80;80;75;95;85;95;12;30;5|40;8|60;4|30;4|50;2|50;6|40;0|500;0|0;0|0;0|0;0|0;0|0;0|0;0|0
#;00000224.pro;Strong Slaver;6;7;6;4;4;6;4;8;14;50;2;1;4;14;150;Normal;75;50;12;80;90;70;12;30;0|20;0|20;0|10;0|10;0|30;0|20;0|500;0|0;0|0;0|0;0|0;0|0;0|0;0|0
#;00000225.pro;Strong Slaver;6;6;5;4;4;5;4;7;13;50;1;1;4;12;150;Normal;70;55;10;80;95;64;10;25;0|20;0|20;0|10;0|10;0|30;0|20;0|500;0|0;0|0;0|0;0|0;0|0;0|0;0|0
#;00000226.pro;Crazies;5;5;7;3;4;6;9;8;14;53;2;1;9;10;165;Normal;80;12;12;80;105;24;14;35;0|20;0|20;0|10;0|10;0|30;0|20;0|500;0|0;0|0;0|0;0|0;0|0;0|0;0|0
#;00000227.pro;Scavengers;5;5;6;3;4;7;8;8;15;57;2;1;8;10;165;Normal;85;14;14;80;75;28;12;30;0|20;0|20;0|10;0|10;0|30;0|20;0|500;0|0;0|0;0|0;0|0;0|0;0|0;0|0
#;00000228.pro;Glow Crazies;6;7;6;3;3;5;8;7;13;50;2;1;8;14;135;Normal;75;10;10;90;89;20;12;30;0|20;0|20;0|10;0|10;0|30;0|20;0|500;0|0;0|0;0|0;0|0;0|0;0|0;0|0
#;00000229.pro;Glow Scavengers;5;6;6;3;3;6;10;8;14;49;2;1;10;12;135;Normal;80;12;12;87;80;24;12;30;0|20;0|20;0|10;0|10;0|30;0|20;0|500;0|0;0|0;0|0;0|0;0|0;0|0;0|0
#;00000230.pro;Fisherman;6;8;5;4;4;7;5;8;7;40;1;1;5;16;80;Normal;33;14;14;80;76;90;10;25;0|0;0|0;0|0;0|0;0|0;0|0;0|500;0|0;0|0;0|0;0|0;0|0;0|0;0|0
#;00000231.pro;Fisherwoman;6;7;6;4;4;6;5;8;6;35;2;1;5;14;80;Normal;29;12;12;76;80;86;12;30;0|0;0|0;0|0;0|0;0|0;0|0;0|500;0|0;0|0;0|0;0|0;0|0;0|0;0|0
#;00000232.pro;Wilder;7;6;6;4;4;6;5;8;6;46;2;2;5;12;90;Normal;29;12;12;90;80;70;12;30;0|0;0|0;0|0;0|0;0|0;0|0;0|500;0|0;0|0;0|0;0|0;0|0;0|0;0|0
#;00000233.pro;Wilder;7;7;6;4;4;5;6;7;5;41;2;2;6;14;60;Normal;25;10;10;83;86;77;12;30;0|0;0|0;0|0;0|0;0|0;0|0;0|500;0|0;0|0;0|0;0|0;0|0;0|0;0|0
#;00000234.pro;Bootlegger;5;6;5;4;4;5;4;7;5;52;1;1;4;12;100;Normal;25;10;10;86;100;70;10;25;0|0;0|0;0|0;0|0;0|0;0|0;0|500;0|0;0|0;0|0;0|0;0|0;0|0;0|0
#;00000235.pro;Bootlegger;5;4;6;4;4;6;5;8;21;49;2;1;5;8;150;Normal;95;12;12;80;89;90;12;30;2|25;0|20;0|20;0|10;0|30;0|20;0|500;0|0;0|0;0|0;0|0;0|0;0|0;0|0
#;00000236.pro;Prospector;8;5;6;4;4;5;6;7;5;67;2;3;6;10;120;Normal;25;10;10;100;90;20;12;30;0|0;0|0;0|0;0|0;0|0;0|0;0|500;0|0;0|0;0|0;0|0;0|0;0|0;0|0
#;00000237.pro;Prospector;7;5;5;4;4;5;5;7;5;65;1;2;5;10;120;Normal;25;10;10;95;105;20;10;25;0|0;0|0;0|0;0|0;0|0;0|0;0|500;0|0;0|0;0|0;0|0;0|0;0|0;0|0
#;00000238.pro;Raider;6;6;4;5;4;8;5;9;23;60;1;1;5;12;130;Normal;90;16;70;80;100;105;8;20;2|25;0|20;0|20;0|10;0|30;0|20;0|500;0|0;0|0;0|0;0|0;0|0;0|0;0|0
#;00000239.pro;Raider;5;6;5;5;4;7;6;8;15;63;1;1;6;12;130;Normal;86;14;70;86;102;95;10;25;0|20;0|20;0|10;0|10;0|30;0|20;0|500;0|0;0|0;0|0;0|0;0|0;0|0;0|0
;00000240.pro;Fire Gecko;7;7;4;1;1;8;6;9;28;70;1;12;16;14;250;Normal;80;16;80;120;100;32;8;20;5|40;6|40;20|500;4|50;2|50;6|40;0|500;0|0;0|0;0|0;0|0;0|0;0|0;0|0
;00000241.pro;Tough Fire Gecko;8;8;5;1;1;10;8;12;30;80;1;18;18;16;260;Normal;100;20;100;130;110;40;10;25;5|40;8|60;20|500;4|50;2|50;6|40;0|500;0|0;0|0;0|0;0|0;0|0;0|0;0|0
;00000242.pro;Alien;8;7;7;1;3;8;5;9;33;120;2;13;15;14;500;Normal;37;16;16;110;110;32;14;35;6|40;6|40;0|5;5|50;3|55;9|45;0|500;0|0;0|0;0|0;0|0;0|0;0|0;0|0
;00000243.pro;Tough Alien;9;8;8;1;3;9;6;9;34;160;2;15;26;16;600;Normal;41;18;18;130;130;36;16;40;12|40;12|40;2|10;10|40;12|40;20|50;0|500;0|0;0|0;0|0;0|0;0|0;0|0;0|0
;00000244.pro;Sm Tough Deathclaw;8;8;6;1;3;7;8;10;27;170;2;13;8;19;600;Normal;40;14;14;130;130;45;12;30;4|40;4|40;3|50;3|20;3|60;4|20;0|500;0|0;0|0;0|0;0|0;0|0;0|0;0|0
;00000245.pro;Tough Deathclaw;9;10;8;1;4;10;10;12;40;310;2;22;25;22;1500;Normal;45;20;20;150;150;40;16;40;10|50;8|20;8|40;8|40;8|40;12|40;0|500;0|0;0|0;0|0;0|0;0|0;0|0;0|0
;00000246.pro;Floater;8;9;8;1;2;8;5;9;28;175;2;8;5;18;750;Plasma;37;16;16;120;120;32;16;40;5|40;5|40;0|0;4|50;0|500;6|40;0|500;0|0;0|0;0|0;0|0;0|0;0|0;0|0
;00000247.pro;Nasty Floater;9;10;9;1;2;9;7;9;29;200;3;13;7;20;1000;Plasma;41;18;18;140;140;36;18;45;8|40;8|40;2|10;7|60;0|500;8|40;0|500;0|0;0|0;0|0;0|0;0|0;0|0;0|0
;00000248.pro;Centaur;7;8;7;1;2;9;6;9;24;150;2;10;6;16;650;Normal;41;18;18;110;110;36;14;35;4|35;4|20;4|15;4|25;1|10;4|30;0|500;0|0;0|0;0|0;0|0;0|0;0|0;0|0
;00000249.pro;Mean Centaur;8;9;8;1;2;10;8;10;30;200;2;15;8;18;900;Normal;45;20;20;125;125;40;16;40;5|40;4|30;4|30;4|50;2|20;6|40;0|500;0|0;0|0;0|0;0|0;0|0;0|0;0|0
#;00000250.pro;Enclave Patrol;10;7;8;5;6;8;7;9;38;150;2;5;7;14;550;Normal;120;105;140;130;105;100;16;40;15|55;12|75;16|70;15|60;15|60;20|65;0|500;0|0;0|0;0|0;0|0;0|0;0|0;0|0
#;00000251.pro;Enclave Patrol;10;8;8;5;6;10;6;10;40;150;2;5;6;16;550;Normal;110;115;135;115;120;100;16;40;15|55;12|75;16|70;15|60;15|60;20|65;0|500;0|0;0|0;0|0;0|0;0|0;0|0;0|0
#;00000252.pro;Press Gang;10;7;8;4;5;8;7;9;16;70;2;5;7;14;350;Normal;105;16;80;115;120;32;16;40;0|20;0|20;0|10;0|10;0|30;0|20;0|500;0|0;0|0;0|0;0|0;0|0;0|0;0|0
#;00000253.pro;Press Gang;9;7;7;4;5;10;7;10;20;70;2;4;7;14;350;Normal;105;20;90;125;120;40;14;35;4|30;6|75;4|10;4|20;0|0;4|25;0|500;0|0;0|0;0|0;0|0;0|0;0|0;0|0
#;00000254.pro;Mercenary;8;9;8;4;5;8;8;9;16;80;2;3;8;18;400;Normal;110;95;85;110;100;32;16;40;0|20;0|20;0|10;0|10;0|30;0|20;0|500;0|0;0|0;0|0;0|0;0|0;0|0;0|0
#;00000255.pro;Mercenary;8;8;9;4;5;7;8;8;17;80;3;3;8;16;400;Normal;110;105;90;100;100;28;18;45;4|30;6|75;4|10;4|20;0|0;4|25;0|500;0|0;0|0;0|0;0|0;0|0;0|0;0|0
#;00000256.pro;Nightkin;10;9;9;4;4;9;8;9;24;130;3;10;8;18;500;Normal;63;95;90;120;115;36;18;45;2|25;0|20;0|20;0|10;0|30;0|20;0|500;0|0;0|0;0|0;0|0;0|0;0|0;0|0
#;00000257.pro;Tough Nightkin;10;9;10;4;4;10;10;10;25;150;3;13;10;18;650;Normal;63;105;100;130;130;40;20;50;2|25;0|20;0|20;0|10;0|30;0|20;0|500;0|0;0|0;0|0;0|0;0|0;0|0;0|0
#;00000258.pro;Tough Ghoul;6;5;7;3;4;7;9;8;7;65;2;1;9;10;200;Normal;90;14;14;90;105;28;14;35;0|0;0|0;0|0;0|0;0|0;0|0;0|500;0|0;0|0;0|0;0|0;0|0;0|0;0|0
#;00000259.pro;Mobster;8;7;6;4;5;8;5;9;28;70;2;6;5;14;200;Normal;100;16;16;110;110;32;12;30;3|25;1|20;1|25;1|10;1|40;1|25;0|500;0|0;0|0;0|0;0|0;0|0;0|0;0|0
;00000260.pro;Yakuza;10;7;8;4;5;6;5;8;26;80;2;8;10;14;260;Normal;120;12;12;130;130;164;16;40;3|25;1|20;1|25;1|10;1|40;1|25;0|500;0|0;0|0;0|0;0|0;0|0;0|0;0|0
#;00000261.pro;NCR Ranger;8;7;6;5;5;8;6;9;28;95;2;3;16;14;250;Normal;105;105;70;90;90;90;12;30;5|40;8|60;4|30;4|50;2|50;6|40;0|500;0|0;0|0;0|0;0|0;0|0;0|0;0|0
#;00000262.pro;NCR Ranger;7;7;6;5;5;7;9;8;27;80;2;2;9;14;250;Normal;95;95;65;95;85;100;12;30;5|40;8|60;4|30;4|50;2|50;6|40;0|500;0|0;0|0;0|0;0|0;0|0;0|0;0|0
#;00000263.pro;Marauder;7;8;6;6;5;7;6;8;15;60;2;2;6;16;150;Normal;100;50;30;80;95;70;12;30;0|20;0|20;0|10;0|10;0|30;0|20;0|500;0|0;0|0;0|0;0|0;0|0;0|0;0|0
#;00000264.pro;Marauder;6;9;6;9;3;6;8;8;16;60;2;1;8;18;150;Normal;90;50;30;80;99;65;12;30;4|30;6|75;4|10;4|20;0|0;4|25;0|500;0|0;0|0;0|0;0|0;0|0;0|0;0|0
#;00000265.pro;Pretty Boy Lloyd;5;7;6;7;6;7;6;8;15;60;2;1;6;14;90;Normal;80;31;14;65;75;28;12;30;0|20;0|20;0|10;0|10;0|30;0|20;0|500;0|0;0|0;0|0;0|0;0|0;0|0;0|0
#;00000266.pro;Vorpal Rat;5;10;5;5;10;10;10;12;10;330;1;30;50;30;7500;Normal;45;20;20;150;150;40;10;25;500|100;500|100;500|100;500|100;500|100;500|100;500|500;0|0;0|0;0|0;0|0;0|0;0|0;0|0
#;00000267.pro;Vault 13 Man;5;5;5;5;5;5;5;7;5;30;1;1;5;10;60;Normal;25;10;10;50;40;20;10;25;0|0;0|0;0|0;0|0;0|0;0|0;0|500;0|0;0|0;0|0;0|0;0|0;0|0;0|0
#;00000268.pro;Vault 13 Woman;5;5;5;5;5;5;5;7;5;30;1;1;5;10;60;Normal;25;10;10;50;40;20;10;25;0|0;0|0;0|0;0|0;0|0;0|0;0|500;0|0;0|0;0|0;0|0;0|0;0|0;0|0
#;00000269.pro;Bridge Guardian;10;10;5;10;10;7;5;8;7;400;1;10;5;20;7500;Normal;33;14;14;160;160;28;10;25;200|100;200|100;200|100;200|100;200|100;200|100;200|500;0|0;0|0;0|0;0|0;0|0;0|0;0|0
#;00000270.pro;Mysterious Stranger;9;7;7;5;6;6;5;8;21;50;2;4;5;14;100;Normal;70;65;40;85;80;65;14;35;2|25;0|20;0|20;0|10;0|30;0|20;0|500;0|0;0|0;0|0;0|0;0|0;0|0;0|0
#;00000271.pro;Mysterious Stranger;7;8;7;5;7;7;6;8;22;52;2;2;6;16;100;Normal;65;70;40;80;85;65;14;35;2|25;0|20;0|20;0|10;0|30;0|20;0|500;0|0;0|0;0|0;0|0;0|0;0|0;0|0
#;00000272.pro;Hakeswill;8;6;7;4;4;6;5;8;6;70;2;8;5;12;225;Normal;65;12;12;110;100;24;14;35;0|0;0|0;0|0;0|0;0|0;0|0;0|500;0|0;0|0;0|0;0|0;0|0;0|0;0|0
#;00000273.pro;Big Jesus Mordino;7;8;6;6;5;7;6;8;15;65;2;2;6;16;150;Normal;90;14;14;75;75;60;12;30;0|20;0|20;0|10;0|10;0|30;0|20;0|500;0|0;0|0;0|0;0|0;0|0;0|0;0|0
#;00000274.pro;Dumar;8;5;5;5;5;8;5;9;8;40;1;3;5;15;100;Normal;37;16;16;70;52;32;10;25;0|0;0|0;0|0;0|0;0|0;0|0;0|500;0|0;0|0;0|0;0|0;0|0;0|0;0|0
;00000275.pro;Mother Deathclaw;10;10;9;2;6;10;10;12;35;310;3;30;30;30;2000;Normal;45;20;20;150;150;40;18;45;12|40;12|40;12|60;10|40;12|40;20|50;15|500;0|0;0|0;0|0;0|0;0|0;0|0;0|0
#;00000276.pro;The Dragon;10;10;10;5;5;10;8;12;25;150;3;15;20;30;800;Normal;45;20;20;175;160;40;20;50;2|25;0|20;0|20;0|10;0|30;0|20;0|500;0|0;0|0;0|0;0|0;0|0;0|0;0|0
#;00000277.pro;Lo Pan;9;9;9;5;5;9;7;9;24;100;3;12;15;28;500;Normal;110;18;18;150;135;36;18;45;2|25;0|20;0|20;0|10;0|30;0|20;0|500;0|0;0|0;0|0;0|0;0|0;0|0;0|0
#;00000278.pro;Hubologist;7;9;6;5;8;7;6;8;12;80;2;2;6;18;350;Normal;110;110;100;90;90;120;12;30;0|20;0|25;0|10;0|10;0|40;0|20;0|500;0|0;0|0;0|0;0|0;0|0;0|0;0|0
#;00000279.pro;Hubologist;6;10;5;5;8;7;6;8;12;80;1;1;6;20;350;Normal;110;100;110;90;90;120;10;25;0|20;0|25;0|10;0|10;0|40;0|20;0|500;0|0;0|0;0|0;0|0;0|0;0|0;0|0
#;00000280.pro;Mysterious Stranger;9;7;7;5;6;6;5;8;26;70;2;4;5;14;100;Normal;90;85;60;105;100;85;14;35;3|25;1|20;1|25;1|10;1|40;1|25;0|500;0|0;0|0;0|0;0|0;0|0;0|0;0|0
#;00000281.pro;Mysterious Stranger;7;8;7;5;7;7;6;8;27;70;2;2;6;16;100;Normal;85;90;60;100;105;85;14;35;3|25;1|20;1|25;1|10;1|40;1|25;0|500;0|0;0|0;0|0;0|0;0|0;0|0;0|0
#;00000282.pro;Mysterious Stranger;9;7;7;5;6;6;5;8;21;90;2;4;5;14;100;Normal;110;105;80;125;120;105;14;35;4|35;4|20;4|15;4|25;4|20;4|30;0|500;0|0;0|0;0|0;0|0;0|0;0|0;0|0
#;00000283.pro;Mysterious Stranger;7;8;7;5;7;7;6;8;22;90;2;2;6;16;100;Normal;105;110;80;120;125;105;14;35;4|35;4|20;4|15;4|25;4|20;4|30;0|500;0|0;0|0;0|0;0|0;0|0;0|0;0|0
#;00000284.pro;Mysterious Stranger;9;7;7;5;6;6;5;8;31;110;2;4;5;14;100;Normal;130;125;100;145;140;125;14;35;6|40;5|40;5|35;5|50;3|55;9|45;0|500;0|0;0|0;0|0;0|0;0|0;0|0;0|0
#;00000285.pro;Mysterious Stranger;7;8;7;5;7;7;6;8;32;110;2;2;6;16;100;Normal;125;130;100;140;145;125;14;35;6|40;5|40;5|35;5|50;3|55;9|45;0|500;0|0;0|0;0|0;0|0;0|0;0|0;0|0
#;00000286.pro;Mysterious Stranger;9;7;7;5;6;6;5;8;31;130;2;4;5;14;100;Normal;150;145;120;165;160;145;14;35;12|40;12|40;12|40;10|40;12|40;20|50;15|500;0|0;0|0;0|0;0|0;0|0;0|0;0|0
#;00000287.pro;Mysterious Stranger;7;8;7;5;7;7;6;8;32;130;2;2;6;16;100;Normal;145;130;120;160;165;145;14;35;12|40;12|40;12|40;10|40;12|40;20|50;15|500;0|0;0|0;0|0;0|0;0|0;0|0;0|0
;00000288.pro;Pres. Bodyguard;10;10;10;10;10;10;10;20;45;999;3;25;20;30;10000;Normal;185;185;185;185;185;185;20;50;20|70;20|80;20|70;20|70;15|20;20|70;0|65;0|0;0|0;0|0;0|0;0|0;0|0;0|0
#;00000289.pro;Deathclaw Egg;5;5;5;5;5;5;5;7;5;20;1;1;5;10;30;Normal;25;10;10;50;40;20;10;25;0|0;0|0;0|0;0|0;0|0;0|0;0|500;0|0;0|0;0|0;0|0;0|0;0|0;0|0
;00000290.pro;Metzger;6;7;5;5;5;6;6;8;21;90;1;1;6;14;100;Normal;79;42;32;67;62;24;10;25;2|25;0|20;0|20;0|10;0|30;0|20;0|500;0|0;0|0;0|0;0|0;0|0;0|0;0|0
#;00000291.pro;Person;10;8;8;5;7;9;8;9;44;200;2;5;8;16;750;Normal;140;125;160;150;125;120;16;40;18|60;19|90;16|70;18|60;15|65;20|70;0|500;0|0;0|0;0|0;0|0;0|0;0|0;0|0
#;00000292.pro;Person in strange type of armor;10;9;8;5;6;10;8;10;45;200;2;5;8;18;750;Normal;130;130;155;135;150;120;16;40;18|60;19|90;16|70;18|60;15|65;20|70;0|500;0|0;0|0;0|0;0|0;0|0;0|0;0|0
#;00000293.pro;President;5;6;6;9;7;5;7;7;20;120;2;1;7;12;1000;Normal;100;100;100;100;100;100;12;30;2|25;0|20;0|20;0|10;0|30;0|20;0|500;0|0;0|0;0|0;0|0;0|0;0|0;0|0
#;00000294.pro;Vice President;5;6;5;6;2;6;2;8;21;120;1;1;2;12;600;Normal;70;70;70;70;70;70;10;25;2|25;0|20;0|20;0|10;0|30;0|20;0|500;0|0;0|0;0|0;0|0;0|0;0|0;0|0
#;00000295.pro;Technicion;6;8;4;5;9;5;5;7;20;100;1;1;5;16;350;Normal;60;60;110;60;60;60;8;20;2|25;0|20;0|20;0|10;0|30;0|20;0|500;0|0;0|0;0|0;0|0;0|0;0|0;0|0
#;00000296.pro;Badger;6;7;8;5;5;8;8;9;23;110;2;1;8;14;450;Normal;120;120;16;58;48;32;16;40;2|25;0|20;0|20;0|10;0|30;0|20;0|500;0|0;0|0;0|0;0|0;0|0;0|0;0|0
#;00000297.pro;Dr. Fung;7;7;5;5;5;8;6;9;23;90;1;2;6;14;350;Normal;37;16;16;100;100;32;10;25;2|25;0|20;0|20;0|10;0|30;0|20;0|500;0|0;0|0;0|0;0|0;0|0;0|0;0|0
#;00000298.pro;Kid;4;7;4;3;4;8;7;9;8;26;1;1;7;14;30;Normal;37;16;16;54;44;120;8;20;0|0;0|0;0|0;0|0;0|0;0|0;0|500;0|0;0|0;0|0;0|0;0|0;0|0;0|0
#;00000299.pro;Kid;4;8;3;3;4;7;8;8;7;20;1;1;8;16;30;Normal;33;14;14;52;42;110;6;15;0|0;0|0;0|0;0|0;0|0;0|0;0|500;0|0;0|0;0|0;0|0;0|0;0|0;0|0
#;00000300.pro;Gun Merchant;7;9;7;7;7;8;8;15;28;110;2;22;23;23;550;Normal;124;122;122;150;122;124;14;35;5|40;8|60;4|30;4|50;2|50;6|40;0|500;0|0;0|0;0|0;0|0;0|0;0|0;0|0
#;00000301.pro;Shi Lab Tech;7;8;6;6;5;7;6;8;22;70;2;2;6;16;150;Normal;100;50;30;95;95;70;12;30;2|25;0|20;0|20;0|10;0|30;0|20;0|500;0|0;0|0;0|0;0|0;0|0;0|0;0|0
#;00000302.pro;Shi Guard;8;8;6;6;5;7;6;8;22;200;2;8;10;20;350;Normal;120;100;75;120;130;70;12;30;2|25;0|20;0|20;0|10;0|30;0|20;0|500;0|0;0|0;0|0;0|0;0|0;0|0;0|0
#;00000303.pro;Shi Peasant;7;6;5;6;5;6;6;8;6;70;1;2;6;12;150;Normal;70;50;30;95;95;70;10;25;0|0;0|0;0|0;0|0;0|0;0|0;0|500;0|0;0|0;0|0;0|0;0|0;0|0;0|0
#;00000304.pro;Shi Peasant;6;7;5;9;3;6;8;8;6;70;1;1;8;14;150;Normal;70;50;30;100;99;65;10;25;0|0;0|0;0|0;0|0;0|0;0|0;0|500;0|0;0|0;0|0;0|0;0|0;0|0;0|0
#;00000305.pro;Lo Pan Peasant;7;6;5;6;5;6;6;8;6;70;1;2;6;12;150;Normal;70;50;30;95;95;70;10;25;0|0;0|0;0|0;0|0;0|0;0|0;0|500;0|0;0|0;0|0;0|0;0|0;0|0;0|0
#;00000306.pro;Lo Pan Peasant;6;7;5;9;3;6;8;8;6;70;1;1;8;14;150;Normal;70;50;30;100;99;65;10;25;0|0;0|0;0|0;0|0;0|0;0|0;0|500;0|0;0|0;0|0;0|0;0|0;0|0;0|0
#;00000307.pro;Dock Worker;8;5;8;5;5;7;5;8;7;85;2;3;5;10;200;Normal;33;14;14;100;105;28;16;40;0|0;0|0;0|0;0|0;0|0;0|0;0|500;0|0;0|0;0|0;0|0;0|0;0|0;0|0
#;00000308.pro;Shi Merchant;4;8;4;7;6;7;9;8;7;55;1;1;9;16;60;Normal;80;75;70;80;85;28;8;20;0|0;0|0;0|0;0|0;0|0;0|0;0|500;0|0;0|0;0|0;0|0;0|0;0|0;0|0
;00000309.pro;Keeng Ra'at;5;5;4;1;3;7;4;8;22;60;1;6;4;10;220;Normal;61;14;14;120;120;28;8;20;2|25;0|20;0|20;0|10;0|30;0|20;0|500;0|0;0|0;0|0;0|0;0|0;0|0;0|0
#;00000310.pro;Sulik - Stage 1;7;7;8;8;7;7;6;10;7;93;2;8;13;18;110;Normal;75;14;15;100;105;85;16;40;0|0;0|0;0|0;0|0;0|0;0|0;0|500;0|0;0|0;0|0;0|0;0|0;0|0;0|0
#;00000311.pro;Sulik - Stage 2;7;7;8;8;7;7;6;10;7;103;2;9;17;18;110;Normal;80;14;20;110;115;90;16;40;0|0;0|0;0|0;0|0;0|0;0|0;0|500;0|0;0|0;0|0;0|0;0|0;0|0;0|0
#;00000312.pro;Sulik - Stage 3;7;7;8;8;7;7;6;11;7;113;2;10;22;18;110;Normal;85;14;20;120;130;95;16;40;0|0;0|0;0|0;0|0;0|0;0|0;0|500;0|0;0|0;0|0;0|0;0|0;0|0;0|0
#;00000313.pro;Sulik - Stage 4;7;7;8;8;7;7;7;11;7;123;2;11;23;19;110;Normal;90;14;25;130;140;100;16;40;0|0;0|0;0|0;0|0;0|0;0|0;0|500;0|0;0|0;0|0;0|0;0|0;0|0;0|0
#;00000314.pro;Sulik - Stage 5;8;7;8;8;7;7;7;12;7;134;2;13;32;20;110;Normal;105;14;35;140;150;105;16;40;0|0;0|0;0|0;0|0;0|0;0|0;0|500;0|0;0|0;0|0;0|0;0|0;0|0;0|0
#;00000315.pro;Sulik - Stage 6;8;7;9;8;7;7;8;13;7;146;3;14;43;20;110;Normal;110;14;45;150;160;110;18;45;0|0;0|0;0|0;0|0;0|0;0|0;0|500;0|0;0|0;0|0;0|0;0|0;0|0;0|0
#;00000316.pro;Lenny - Stage 1;4;6;5;3;7;5;5;7;5;154;1;1;5;12;130;Normal;75;10;10;48;50;20;10;25;1|10;2|15;2|15;1|10;1|10;2|15;0|500;0|0;0|0;0|0;0|0;0|0;0|0;0|0
#;00000317.pro;Lenny - Stage 2;4;6;6;4;7;5;5;7;5;181;2;1;5;12;130;Normal;85;10;10;48;50;20;12;30;1|10;2|20;2|20;1|10;1|10;2|15;0|500;0|0;0|0;0|0;0|0;0|0;0|0;0|0
#;00000318.pro;Lenny - Stage 3;4;7;6;5;7;5;6;7;5;206;2;1;6;14;130;Normal;95;10;10;48;50;20;12;30;2|15;2|25;2|25;2|15;1|10;2|15;0|500;0|0;0|0;0|0;0|0;0|0;0|0;0|0
#;00000319.pro;Goris - Stage 1;8;9;7;4;5;8;6;11;28;134;2;28;13;28;900;Normal;37;16;16;120;110;42;14;35;5|40;8|60;4|30;4|50;2|50;6|40;0|500;0|0;0|0;0|0;0|0;0|0;0|0;0|0
#;00000320.pro;Goris - Stage 2;8;9;8;4;6;8;6;12;28;145;2;30;18;29;900;Normal;37;16;16;130;110;52;16;40;5|40;8|60;4|30;4|50;2|50;6|40;0|500;0|0;0|0;0|0;0|0;0|0;0|0;0|0
#;00000321.pro;Goris - Stage 3;9;9;8;4;6;9;6;12;29;155;2;36;18;29;900;Normal;41;18;18;140;110;62;16;40;5|40;8|60;4|30;4|50;2|50;6|40;0|500;0|0;0|0;0|0;0|0;0|0;0|0;0|0
#;00000322.pro;Goris - Stage 4;9;9;9;4;7;9;7;13;34;166;3;39;24;30;900;Normal;41;18;18;150;110;72;18;45;6|40;9|65;5|35;5|50;3|55;9|45;0|500;0|0;0|0;0|0;0|0;0|0;0|0;0|0
#;00000323.pro;Goris - Stage 5;9;9;9;4;7;9;7;13;34;175;3;41;24;30;900;Normal;41;18;18;160;110;82;18;45;6|40;9|65;5|35;5|50;3|55;9|45;0|500;0|0;0|0;0|0;0|0;0|0;0|0;0|0
#;00000324.pro;Goris - Stage 6;10;9;10;4;8;10;7;15;35;187;3;45;29;31;900;Normal;45;20;20;170;110;92;20;50;6|40;9|65;5|35;5|50;3|55;9|45;0|500;0|0;0|0;0|0;0|0;0|0;0|0;0|0
#;00000325.pro;Myron - Stage 1;4;6;4;4;8;4;6;7;9;77;1;1;6;12;60;Normal;55;50;65;55;55;16;8;20;0|0;0|0;0|0;0|0;0|0;0|0;0|500;0|0;0|0;0|0;0|0;0|0;0|0;0|0
#;00000326.pro;Myron - Stage 2;4;6;4;4;8;5;7;7;9;92;1;1;7;12;60;Normal;60;50;75;55;55;25;8;20;0|0;0|0;0|0;0|0;0|0;0|0;0|500;0|0;0|0;0|0;0|0;0|0;0|0;0|0
#;00000327.pro;Myron - Stage 3;4;7;4;4;9;5;7;7;9;107;1;1;7;14;60;Normal;65;50;85;60;60;30;8;20;0|0;0|0;0|0;0|0;0|0;0|0;0|500;0|0;0|0;0|0;0|0;0|0;0|0;0|0
#;00000328.pro;Myron - Stage 4;4;7;4;4;9;6;7;8;9;122;1;1;7;14;60;Normal;70;50;95;60;60;35;8;20;0|0;0|0;0|0;0|0;0|0;0|0;0|500;0|0;0|0;0|0;0|0;0|0;0|0;0|0
#;00000329.pro;Marcus - Stage 1;10;8;10;3;7;8;9;10;28;145;3;12;20;16;200;Normal;64;115;87;112;112;32;20;50;4|30;6|75;4|10;4|20;0|0;4|25;0|500;0|0;0|0;0|0;0|0;0|0;0|0;0|0
#;00000330.pro;Marcus - Stage 2;10;8;10;3;7;8;9;11;28;165;3;14;20;16;200;Normal;67;129;91;125;123;32;20;50;4|30;6|75;4|10;4|20;0|0;4|25;0|500;0|0;0|0;0|0;0|0;0|0;0|0;0|0
#;00000331.pro;Marcus - Stage 3;10;8;10;3;7;8;9;11;28;175;3;15;22;16;200;Normal;71;137;101;130;123;32;20;50;4|30;6|75;4|10;4|20;0|0;4|25;0|500;0|0;0|0;0|0;0|0;0|0;0|0;0|0
#;00000332.pro;Marcus - Stage 4;10;9;10;3;7;9;9;12;29;190;3;15;22;18;200;Normal;67;147;109;140;123;36;20;50;5|40;8|60;4|30;4|50;2|50;6|40;0|500;0|0;0|0;0|0;0|0;0|0;0|0;0|0
#;00000333.pro;Marcus - Stage 5;10;9;10;3;7;9;9;13;29;205;3;17;24;18;200;Normal;67;163;118;145;123;36;20;50;5|40;8|60;4|30;4|50;2|50;6|40;0|500;0|0;0|0;0|0;0|0;0|0;0|0;0|0
#;00000334.pro;Cyberdog - Stage 1;6;9;8;1;3;8;5;10;18;107;2;12;17;18;200;Normal;37;16;16;115;100;32;16;40;4|30;6|75;4|10;4|20;0|0;4|25;0|500;0|0;0|0;0|0;0|0;0|0;0|0;0|0
#;00000335.pro;Cyberdog - Stage 2;6;9;8;1;3;8;5;11;18;117;2;15;22;18;200;Normal;37;16;16;120;100;32;16;40;4|30;6|75;4|10;4|20;0|0;4|25;0|500;0|0;0|0;0|0;0|0;0|0;0|0;0|0
#;00000336.pro;Cyberdog - Stage 3;6;9;8;1;3;8;5;11;18;127;2;18;25;18;200;Normal;37;16;16;125;100;32;16;40;4|30;6|75;4|10;4|20;0|0;4|25;0|500;0|0;0|0;0|0;0|0;0|0;0|0;0|0
#;00000337.pro;Cyberdog - Stage 4;6;9;8;1;3;8;5;12;18;137;2;21;30;18;200;Normal;37;16;16;130;100;32;16;40;4|30;6|75;4|10;4|20;0|0;4|25;0|500;0|0;0|0;0|0;0|0;0|0;0|0;0|0
#;00000338.pro;Cassidy - Stage 1;6;7;4;5;4;6;9;8;6;92;1;1;21;14;300;Normal;105;12;90;100;100;70;8;20;0|0;0|0;0|0;0|0;0|0;0|0;0|500;0|0;0|0;0|0;0|0;0|0;0|0;0|0
#;00000339.pro;Cassidy - Stage 2;6;7;4;5;4;6;9;9;6;104;1;1;26;14;300;Normal;125;12;100;120;120;80;8;20;0|0;0|0;0|0;0|0;0|0;0|0;0|500;0|0;0|0;0|0;0|0;0|0;0|0;0|0
#;00000340.pro;Cassidy - Stage 3;6;8;4;5;4;7;9;9;7;116;1;1;31;17;300;Normal;140;14;120;130;125;90;8;20;0|0;0|0;0|0;0|0;0|0;0|0;0|500;0|0;0|0;0|0;0|0;0|0;0|0;0|0
#;00000341.pro;Cassidy - Stage 4;6;8;4;5;4;7;9;10;7;128;1;1;36;18;300;Normal;160;14;130;140;130;100;8;20;0|0;0|0;0|0;0|0;0|0;0|0;0|500;0|0;0|0;0|0;0|0;0|0;0|0;0|0
#;00000342.pro;Dogmeat;6;6;6;3;2;6;2;15;16;98;2;14;27;12;150;Normal;29;12;12;91;44;24;12;30;4|30;6|75;4|10;4|20;0|0;4|25;0|500;0|0;0|0;0|0;0|0;0|0;0|0;0|0
#;00000343.pro;Dogmeat - Stage 1;6;6;6;3;2;6;3;15;16;108;2;14;28;13;150;Normal;29;12;12;100;44;24;12;30;4|30;6|75;4|10;4|20;0|0;4|25;0|500;0|0;0|0;0|0;0|0;0|0;0|0;0|0
#;00000344.pro;Dogmeat - Stage 2;6;6;6;3;2;6;4;15;16;118;2;15;29;13;150;Normal;29;12;12;125;44;24;12;30;4|30;6|75;4|10;4|20;0|0;4|25;0|500;0|0;0|0;0|0;0|0;0|0;0|0;0|0
#;00000345.pro;Dogmeat - Stage 3;6;6;6;3;2;7;5;15;17;128;2;16;31;13;150;Normal;33;14;14;135;46;28;12;30;4|30;6|75;4|10;4|20;0|0;4|25;0|500;0|0;0|0;0|0;0|0;0|0;0|0;0|0
#;00000346.pro;Dogmeat - Stage 4;7;7;7;2;3;8;6;16;23;141;2;18;35;35;150;Normal;37;16;16;145;50;32;14;35;4|35;7|80;4|15;4|25;1|10;4|30;0|500;0|0;0|0;0|0;0|0;0|0;0|0;0|0
#;00000347.pro;Dogmeat - Stage 5;7;7;7;2;3;9;7;16;24;151;2;19;39;16;150;Normal;41;18;18;155;52;36;14;35;4|35;7|80;4|15;4|25;1|10;4|30;0|500;0|0;0|0;0|0;0|0;0|0;0|0;0|0
#;00000348.pro;Dogmeat - Stage 6;7;7;7;2;3;10;8;17;25;161;2;20;43;16;150;Normal;45;20;20;165;54;40;14;35;4|35;7|80;4|15;4|25;1|10;4|30;0|500;0|0;0|0;0|0;0|0;0|0;0|0;0|0
#;00000349.pro;Robobrain - Stage 1;8;7;6;1;10;7;5;10;27;143;2;8;15;14;60;Normal;110;80;75;70;70;70;12;30;5|40;8|60;4|30;4|50;2|50;6|40;0|0;0|0;0|0;0|0;0|0;0|0;0|0;0|0
#;00000350.pro;Robobrain - Stage 2;8;7;6;1;10;7;5;10;27;155;2;8;20;14;60;Normal;120;80;75;80;70;70;12;30;5|40;8|60;4|30;4|50;2|50;6|40;0|0;0|0;0|0;0|0;0|0;0|0;0|0;0|0
#;00000351.pro;Robobrain - Stage 3;8;7;6;1;10;7;5;10;27;179;2;8;23;14;60;Normal;130;80;75;90;70;70;12;30;5|40;8|60;4|30;4|50;2|50;6|40;0|0;0|0;0|0;0|0;0|0;0|0;0|0;0|0
#;00000352.pro;Robobrain - Stage 4;8;7;6;1;10;7;5;10;27;197;2;8;25;14;60;Normal;145;80;75;100;70;70;12;30;5|40;8|60;4|30;4|50;2|50;6|40;0|0;0|0;0|0;0|0;0|0;0|0;0|0;0|0
#;00000353.pro;Robobrain - Stage 5;8;7;6;1;10;7;5;10;27;210;2;8;25;14;60;Normal;155;80;75;110;70;70;12;30;5|40;8|60;4|30;4|50;2|50;6|40;0|0;0|0;0|0;0|0;0|0;0|0;0|0;0|0
;00000354.pro;Queen Alien;10;9;9;1;4;10;8;10;10;220;3;20;23;18;1000;Normal;45;20;20;150;150;40;18;45;12|40;15|50;2|10;12|50;15|50;25|60;0|500;0|0;0|0;0|0;0|0;0|0;0|0;0|0
#;00000355.pro;Black Radscorpion;5;2;6;1;1;5;2;7;5;26;2;10;2;4;110;Normal;25;10;10;75;40;20;12;30;2|0;4|50;2|10;2|10;0|30;0|20;0|500;0|0;0|0;0|0;0|0;0|0;0|0;0|0
;00000356.pro;Black Radscorpion;8;3;7;1;1;5;3;7;5;100;2;20;3;6;260;Normal;25;10;10;110;46;20;14;35;5|25;5|60;3|20;3|20;0|35;0|30;0|500;0|0;0|0;0|0;0|0;0|0;0|0;0|0
;00000357.pro;Spud;10;5;10;1;2;8;5;9;8;100;3;20;15;14;500;Normal;37;16;16;150;56;32;20;50;4|20;5|70;3|30;3|30;0|50;0|35;0|500;0|0;0|0;0|0;0|0;0|0;0|0;0|0
#;00000358.pro;Mercenary Captain;8;7;8;5;5;8;5;9;28;85;2;3;5;14;230;Normal;90;90;16;90;90;70;16;40;5|40;8|60;4|30;4|50;2|50;6|40;0|500;0|0;0|0;0|0;0|0;0|0;0|0;0|0
#;00000359.pro;Mercenary;6;7;6;3;4;6;5;8;21;60;2;1;5;14;90;Normal;85;85;12;85;85;65;12;30;2|25;0|20;0|20;0|10;0|30;0|20;0|500;0|0;0|0;0|0;0|0;0|0;0|0;0|0
#;00000360.pro;Mercenary;6;7;6;3;4;6;5;8;21;60;2;1;5;14;90;Normal;85;85;12;85;85;65;12;30;2|25;0|20;0|20;0|10;0|30;0|20;0|500;0|0;0|0;0|0;0|0;0|0;0|0;0|0
#;00000361.pro;Shadow-Who-Walks;8;7;8;3;5;8;7;11;8;60;2;8;10;16;90;Normal;37;16;16;95;95;95;16;40;0|0;0|0;0|0;0|0;0|0;0|0;0|500;0|0;0|0;0|0;0|0;0|0;0|0;0|0
#;00000362.pro;Punk;7;8;6;5;5;7;6;8;15;110;2;2;6;16;250;Normal;120;14;14;58;48;28;12;30;0|20;0|20;0|10;0|10;0|30;0|20;0|500;0|0;0|0;0|0;0|0;0|0;0|0;0|0
#;00000363.pro;Punk;8;7;8;4;4;8;5;9;16;110;2;3;5;14;250;Normal;120;16;16;62;52;32;16;40;0|20;0|20;0|10;0|10;0|30;0|20;0|500;0|0;0|0;0|0;0|0;0|0;0|0;0|0
#;00000364.pro;Marc;6;7;7;5;4;9;5;9;17;150;2;1;5;14;300;Normal;120;18;18;60;50;36;14;35;0|20;0|20;0|10;0|10;0|30;0|20;0|500;0|0;0|0;0|0;0|0;0|0;0|0;0|0
#;00000365.pro;Dave H.;6;7;6;5;9;7;5;8;15;80;2;1;5;14;350;Normal;100;14;14;56;46;28;12;30;0|20;0|20;0|10;0|10;0|30;0|20;0|500;0|0;0|0;0|0;0|0;0|0;0|0;0|0
#;00000366.pro;Capt. A. Ron Meyers;7;7;7;6;5;9;7;9;17;130;2;2;7;14;450;Normal;130;18;18;62;52;36;14;35;0|20;0|20;0|10;0|10;0|30;0|20;0|500;0|0;0|0;0|0;0|0;0|0;0|0;0|0
#;00000367.pro;Chip;8;6;8;3;4;8;4;9;23;125;2;3;4;12;400;Normal;110;16;16;62;52;32;16;40;2|25;0|20;0|20;0|10;0|30;0|20;0|500;0|0;0|0;0|0;0|0;0|0;0|0;0|0
#;00000368.pro;AHS-9;6;10;5;5;8;9;7;9;24;160;1;1;7;20;600;Normal;120;80;130;60;50;36;10;25;2|25;0|20;0|20;0|10;0|30;0|20;0|500;0|0;0|0;0|0;0|0;0|0;0|0;0|0
#;00000369.pro;Hubologist Guard;8;9;6;5;8;7;7;8;27;100;2;3;7;18;350;Normal;120;120;110;100;100;130;12;30;5|40;8|60;4|30;4|50;2|50;6|40;0|500;0|0;0|0;0|0;0|0;0|0;0|0;0|0
#;00000370.pro;Hubologist Guard;7;10;5;5;8;7;7;8;27;100;1;2;7;20;350;Normal;120;110;120;100;100;130;10;25;5|40;8|60;4|30;4|50;2|50;6|40;0|500;0|0;0|0;0|0;0|0;0|0;0|0;0|0
#;00000371.pro;Juan;10;10;8;5;5;10;5;11;10;60;2;8;10;22;100;Normal;45;20;20;120;120;40;16;40;0|0;0|0;0|0;0|0;0|0;0|0;0|500;0|0;0|0;0|0;0|0;0|0;0|0;0|0
#;00000372.pro;Vikki;7;10;6;5;5;7;5;8;7;50;2;2;5;20;100;Normal;33;14;14;90;90;28;12;30;0|0;0|0;0|0;0|0;0|0;0|0;0|500;0|0;0|0;0|0;0|0;0|0;0|0;0|0
#;00000373.pro;Vic - Stage 1;5;6;4;6;7;6;5;8;6;78;1;3;7;12;240;Normal;65;12;25;52;42;35;8;20;0|0;0|0;0|0;0|0;0|0;0|0;0|500;0|0;0|0;0|0;0|0;0|0;0|0;0|0
#;00000374.pro;Vic - Stage 2;5;7;4;6;8;6;5;9;6;90;1;4;9;14;240;Normal;75;12;35;52;42;40;8;20;0|0;0|0;0|0;0|0;0|0;0|0;0|500;0|0;0|0;0|0;0|0;0|0;0|0;0|0
#;00000375.pro;Vic - Stage 3;5;7;5;6;8;6;6;9;6;102;1;5;12;14;240;Normal;90;12;65;52;42;45;10;25;0|0;0|0;0|0;0|0;0|0;0|0;0|500;0|0;0|0;0|0;0|0;0|0;0|0;0|0
#;00000376.pro;Vic - Stage 4;6;7;5;6;8;7;6;10;7;111;1;7;16;14;240;Normal;115;14;100;56;46;50;10;25;0|0;0|0;0|0;0|0;0|0;0|0;0|500;0|0;0|0;0|0;0|0;0|0;0|0;0|0
#;00000377.pro;Vic - Stage 5;7;8;5;6;8;7;7;10;7;117;1;8;19;16;240;Normal;130;14;115;58;48;60;10;25;0|0;0|0;0|0;0|0;0|0;0|0;0|500;0|0;0|0;0|0;0|0;0|0;0|0;0|0
#;00000378.pro;Vic - Stage 6;7;8;5;5;8;8;8;12;8;132;1;12;22;16;240;Normal;135;16;145;60;50;65;10;25;0|0;0|0;0|0;0|0;0|0;0|0;0|500;0|0;0|0;0|0;0|0;0|0;0|0;0|0
#;00000379.pro;Robobrain - Chimp;8;1;6;1;2;7;5;10;27;115;2;13;10;2;200;Normal;33;14;14;60;50;28;12;30;5|40;8|60;4|30;4|50;2|50;6|40;0|0;0|0;0|0;0|0;0|0;0|0;0|0;0|0
#;00000380.pro;Robobrain - Abnormal;8;1;6;1;3;7;1;10;27;115;2;8;6;2;200;Normal;33;14;14;60;50;28;12;30;5|40;8|60;4|30;4|50;2|50;6|40;0|0;0|0;0|0;0|0;0|0;0|0;0|0;0|0
#;00000381.pro;Robobrain - Human;8;7;6;1;5;7;5;10;27;115;2;7;10;14;200;Normal;100;80;75;60;70;70;12;30;5|40;8|60;4|30;4|50;2|50;6|40;0|0;0|0;0|0;0|0;0|0;0|0;0|0;0|0
#;00000382.pro;Giant Ant;1;2;1;1;1;4;1;5;4;6;1;2;1;9;25;Normal;21;8;8;65;65;16;2;5;0|0;0|0;0|0;0|0;0|0;0|0;0|500;0|0;0|0;0|0;0|0;0|0;0|0;0|0
;00000383.pro;Tough Giant Ant;2;2;2;1;1;4;5;7;4;18;1;6;5;9;50;Normal;21;8;8;82;82;16;4;10;0|0;0|10;0|0;0|0;0|10;0|10;0|500;0|0;0|0;0|0;0|0;0|0;0|0;0|0
#;00000384.pro;Pariah Dog;1;2;1;1;1;5;1;7;25;750;1;1;1;4;60;Normal;25;10;10;42;32;20;2;5;5|40;8|60;4|30;4|50;2|50;6|40;0|500;0|0;0|0;0|0;0|0;0|0;0|0;0|0
#;00000385.pro;Zurak;5;5;5;5;5;5;5;7;13;90;1;5;10;15;250;Normal;25;10;10;90;90;20;10;25;0|20;0|20;0|10;0|10;0|30;0|20;0|500;0|0;0|0;0|0;0|0;0|0;0|0;0|0
#;00000386.pro;Imbot;5;5;5;5;5;5;5;7;13;90;1;5;10;15;250;Normal;25;10;10;90;90;20;10;25;0|20;0|20;0|10;0|10;0|30;0|20;0|500;0|0;0|0;0|0;0|0;0|0;0|0;0|0
#;00000387.pro;Jimmy;6;6;6;5;5;6;6;8;14;100;2;6;11;17;400;Normal;29;12;12;100;100;24;12;30;0|20;0|20;0|10;0|10;0|30;0|20;0|500;0|0;0|0;0|0;0|0;0|0;0|0;0|0
#;00000388.pro;Wejungh;6;6;6;5;5;6;6;8;14;100;2;6;11;17;400;Normal;29;12;12;100;100;24;12;30;0|20;0|20;0|10;0|10;0|30;0|20;0|500;0|0;0|0;0|0;0|0;0|0;0|0;0|0
#;00000389.pro;Herb;7;7;7;5;5;7;7;9;15;120;2;10;12;19;500;Normal;33;14;14;110;110;28;14;35;0|20;0|20;0|10;0|10;0|30;0|20;0|500;0|0;0|0;0|0;0|0;0|0;0|0;0|0
#;00000390.pro;Loopal;7;7;7;5;5;7;7;9;15;120;2;10;12;19;500;Normal;33;14;14;110;110;28;14;35;0|20;0|20;0|10;0|10;0|30;0|20;0|500;0|0;0|0;0|0;0|0;0|0;0|0;0|0
#;00000391.pro;Jobe;8;8;8;5;5;8;8;10;16;130;2;15;15;21;600;Normal;37;16;16;120;120;32;16;40;0|20;0|20;0|10;0|10;0|30;0|20;0|500;0|0;0|0;0|0;0|0;0|0;0|0;0|0
#;00000392.pro;Smitty;8;8;8;5;5;8;8;10;16;130;2;15;15;21;600;Normal;37;16;16;120;120;32;16;40;0|20;0|20;0|10;0|10;0|30;0|20;0|500;0|0;0|0;0|0;0|0;0|0;0|0;0|0
#;00000393.pro;Rube;9;9;9;5;5;9;9;12;17;140;3;20;20;23;800;Normal;41;18;18;150;150;36;18;45;0|20;0|20;0|10;0|10;0|30;0|20;0|500;0|0;0|0;0|0;0|0;0|0;0|0;0|0
#;00000394.pro;Master Krall;9;9;9;5;5;9;9;12;17;140;3;20;20;23;800;Normal;41;18;18;150;150;36;18;45;0|20;0|20;0|10;0|10;0|30;0|20;0|500;0|0;0|0;0|0;0|0;0|0;0|0;0|0
#;00000395.pro;Ziggy;10;10;10;5;5;10;8;12;25;150;3;15;20;30;800;Normal;45;20;20;175;160;40;20;50;2|25;0|20;0|20;0|10;0|30;0|20;0|500;0|0;0|0;0|0;0|0;0|0;0|0;0|0
#;00000396.pro;Master Khung;9;9;9;5;5;9;7;9;24;100;3;12;15;28;500;Normal;110;18;18;150;135;36;18;45;2|25;0|20;0|20;0|10;0|30;0|20;0|500;0|0;0|0;0|0;0|0;0|0;0|0;0|0
#;00000397.pro;John Bishop;7;8;7;8;7;6;5;8;26;90;2;2;5;16;350;Normal;95;80;12;85;85;65;14;35;3|25;1|20;1|25;1|10;1|40;1|25;0|500;0|0;0|0;0|0;0|0;0|0;0|0;0|0
#;00000398.pro;Angela Bishop;5;6;5;7;4;9;4;9;27;60;1;1;4;12;85;Normal;65;18;18;75;75;50;10;25;2|30;0|20;2|25;0|10;0|30;0|20;0|500;0|0;0|0;0|0;0|0;0|0;0|0;0|0
#;00000399.pro;Mrs. Bishop;4;7;5;8;7;9;4;9;9;55;1;1;4;14;75;Normal;65;18;18;60;60;40;10;25;0|0;0|0;0|0;0|0;0|0;0|0;0|500;0|0;0|0;0|0;0|0;0|0;0|0;0|0
#;00000400.pro;Bishop's Guard 1;8;7;8;3;4;8;6;9;18;100;2;3;6;14;200;Normal;110;110;16;110;110;75;16;40;4|30;4|10;4|10;4|20;0|0;4|25;0|500;0|0;0|0;0|0;0|0;0|0;0|0;0|0
#;00000401.pro;Bishop's Guard 2;8;7;8;3;4;8;6;9;18;100;2;3;6;14;200;Normal;110;110;16;110;110;75;16;40;4|30;4|10;4|10;4|20;0|0;4|25;0|500;0|0;0|0;0|0;0|0;0|0;0|0;0|0
#;00000402.pro;Bishop's Thug 1;6;5;6;4;4;6;4;8;26;70;2;1;4;10;150;Normal;90;90;12;90;90;65;12;30;3|25;1|20;1|25;1|10;1|40;1|25;0|500;0|0;0|0;0|0;0|0;0|0;0|0;0|0
#;00000403.pro;Bishop's Thug 2;6;5;6;4;4;6;4;8;26;70;2;1;4;10;150;Normal;90;90;12;90;90;65;12;30;3|25;1|20;1|25;1|10;1|40;1|25;0|500;0|0;0|0;0|0;0|0;0|0;0|0;0|0
#;00000404.pro;Angry Brahmin;9;5;5;1;3;7;5;8;22;70;1;4;5;10;150;Normal;33;14;14;125;125;28;10;25;2|25;0|20;0|20;0|10;0|30;0|20;0|500;0|0;0|0;0|0;0|0;0|0;0|0;0|0
#;00000405.pro;Lil' Jesus;9;6;9;2;4;10;6;10;28;110;3;4;6;12;350;Normal;110;90;20;125;125;75;18;45;2|30;0|20;2|25;0|10;0|30;0|20;0|500;0|0;0|0;0|0;0|0;0|0;0|0;0|0
#;00000406.pro;Big Jesus;5;6;5;3;7;6;6;8;24;75;1;1;6;12;350;Normal;95;75;12;90;90;25;10;25;2|30;0|20;2|25;0|10;0|30;0|20;0|500;0|0;0|0;0|0;0|0;0|0;0|0;0|0
#;00000407.pro;Mordino Men 1;6;5;6;4;4;6;5;8;24;70;2;1;5;10;150;Normal;90;90;12;90;90;65;12;30;2|30;0|20;2|25;0|10;0|30;0|20;0|500;0|0;0|0;0|0;0|0;0|0;0|0;0|0
#;00000408.pro;Mordino Men 2;6;5;6;4;4;6;5;8;24;70;2;1;5;10;150;Normal;90;90;12;90;90;65;12;30;2|30;0|20;2|25;0|10;0|30;0|20;0|500;0|0;0|0;0|0;0|0;0|0;0|0;0|0
#;00000409.pro;Mordino Men 3;6;5;6;4;4;6;5;8;24;70;2;1;5;10;150;Normal;90;90;12;90;90;65;12;30;2|30;0|20;2|25;0|10;0|30;0|20;0|500;0|0;0|0;0|0;0|0;0|0;0|0;0|0
#;00000410.pro;Myron's Guard 1;8;7;8;3;4;8;6;9;23;100;2;3;6;14;200;Normal;110;110;16;110;110;75;16;40;4|35;7|80;4|15;4|25;1|10;4|30;0|500;0|0;0|0;0|0;0|0;0|0;0|0;0|0
#;00000411.pro;Myron's Guard 2;8;7;8;3;4;8;6;9;23;100;2;3;6;14;200;Normal;110;110;16;110;110;75;16;40;4|35;7|80;4|15;4|25;1|10;4|30;0|500;0|0;0|0;0|0;0|0;0|0;0|0;0|0
#;00000412.pro;Mr. Wright;4;7;4;6;5;6;5;8;6;65;1;1;5;14;350;Normal;90;90;12;75;75;75;8;20;0|0;0|0;0|0;0|0;0|0;0|0;0|500;0|0;0|0;0|0;0|0;0|0;0|0;0|0
#;00000413.pro;Mrs. Wright;6;3;10;4;4;8;5;9;8;90;3;1;5;6;150;Normal;37;16;16;90;90;90;20;50;0|0;0|0;0|0;0|0;0|0;0|0;0|500;0|0;0|0;0|0;0|0;0|0;0|0;0|0
#;00000414.pro;Chris Wright;7;7;8;7;5;9;7;9;17;90;2;2;7;14;250;Normal;95;95;18;95;95;75;16;40;0|20;0|20;0|10;0|10;0|30;0|20;0|500;0|0;0|0;0|0;0|0;0|0;0|0;0|0
#;00000415.pro;Keith Wright;6;6;8;5;5;8;9;9;8;80;2;1;9;12;200;Normal;90;90;16;90;90;75;16;40;0|0;0|0;0|0;0|0;0|0;0|0;0|500;0|0;0|0;0|0;0|0;0|0;0|0;0|0
#;00000416.pro;Wright Son 1;6;6;6;5;5;6;5;8;6;60;2;1;5;12;100;Normal;75;75;12;75;75;75;12;30;0|0;0|0;0|0;0|0;0|0;0|0;0|500;0|0;0|0;0|0;0|0;0|0;0|0;0|0
#;00000417.pro;Wright Son 2;6;6;6;5;5;6;5;8;6;60;2;1;5;12;100;Normal;75;75;12;75;75;75;12;30;0|0;0|0;0|0;0|0;0|0;0|0;0|500;0|0;0|0;0|0;0|0;0|0;0|0;0|0
#;00000418.pro;Wright Daughter 1;4;7;6;5;5;7;5;8;7;55;2;1;5;14;85;Normal;70;80;14;65;65;85;12;30;0|0;0|0;0|0;0|0;0|0;0|0;0|500;0|0;0|0;0|0;0|0;0|0;0|0;0|0
#;00000419.pro;Wright Daughter 2;4;7;6;5;5;7;5;8;7;55;2;1;5;14;85;Normal;70;80;14;65;65;85;12;30;0|0;0|0;0|0;0|0;0|0;0|0;0|500;0|0;0|0;0|0;0|0;0|0;0|0;0|0
#;00000420.pro;Mr. Salvatore;3;6;3;6;7;2;6;6;2;40;1;1;6;12;200;Normal;60;4;60;40;30;8;6;15;0|0;0|0;0|0;0|0;0|0;0|0;0|500;0|0;0|0;0|0;0|0;0|0;0|0;0|0
;00000421.pro;Mason;9;5;9;4;4;9;5;9;24;140;3;4;5;10;250;Normal;110;110;95;110;110;75;18;45;4|35;7|80;4|15;4|25;1|10;4|30;0|500;0|0;0|0;0|0;0|0;0|0;0|0;0|0
;00000422.pro;Salvatore Thug 1;6;5;6;4;4;8;5;9;23;120;2;1;5;10;150;Normal;98;94;89;94;94;73;12;30;4|35;7|80;4|15;4|25;1|10;4|30;0|500;0|0;0|0;0|0;0|0;0|0;0|0;0|0
;00000423.pro;Salvatore Thug 2;6;5;6;4;4;8;5;9;23;120;2;1;5;10;150;Normal;98;94;89;94;94;73;12;30;4|35;7|80;4|15;4|25;1|10;4|30;0|500;0|0;0|0;0|0;0|0;0|0;0|0;0|0
#;00000424.pro;Generic Bartender 1;6;6;5;6;5;5;5;7;5;45;1;1;5;12;75;Normal;75;65;65;75;75;45;10;25;0|0;0|0;0|0;0|0;0|0;0|0;0|500;0|0;0|0;0|0;0|0;0|0;0|0;0|0
#;00000425.pro;Generic Bartender 2;6;6;5;6;5;5;5;7;5;45;1;1;5;12;75;Normal;75;65;65;75;75;45;10;25;0|0;0|0;0|0;0|0;0|0;0|0;0|500;0|0;0|0;0|0;0|0;0|0;0|0;0|0
#;00000426.pro;Generic Bartender 3;6;6;5;6;5;5;5;7;5;45;1;1;5;12;75;Normal;75;65;65;75;75;45;10;25;0|0;0|0;0|0;0|0;0|0;0|0;0|500;0|0;0|0;0|0;0|0;0|0;0|0;0|0
#;00000427.pro;Boxer 1;7;10;7;3;3;7;5;8;7;90;2;2;5;20;100;Normal;33;14;14;90;75;28;14;35;0|0;0|0;0|0;0|0;0|0;0|0;0|500;0|0;0|0;0|0;0|0;0|0;0|0;0|0
#;00000428.pro;Boxer 2;7;10;7;3;3;7;5;8;7;90;2;2;5;20;100;Normal;33;14;14;90;75;28;14;35;0|0;0|0;0|0;0|0;0|0;0|0;0|500;0|0;0|0;0|0;0|0;0|0;0|0;0|0
#;00000429.pro;Boxer 3;7;10;7;3;3;7;5;8;7;90;2;2;5;20;100;Normal;33;14;14;90;75;28;14;35;0|0;0|0;0|0;0|0;0|0;0|0;0|500;0|0;0|0;0|0;0|0;0|0;0|0;0|0
#;00000430.pro;Boxer 4;7;10;7;3;3;7;5;8;7;90;2;2;5;20;100;Normal;33;14;14;90;75;28;14;35;0|0;0|0;0|0;0|0;0|0;0|0;0|500;0|0;0|0;0|0;0|0;0|0;0|0;0|0
#;00000431.pro;Mike the Masticator;10;10;10;2;2;10;9;10;30;150;3;5;9;20;1000;Normal;45;20;20;125;100;40;20;50;5|40;8|60;4|30;4|50;2|50;6|40;0|500;0|0;0|0;0|0;0|0;0|0;0|0;0|0
#;00000432.pro;Holyfeld;9;10;9;3;3;10;8;10;20;125;3;4;8;20;500;Normal;45;20;20;110;90;40;18;45;4|30;6|75;4|10;4|20;0|0;4|25;0|500;0|0;0|0;0|0;0|0;0|0;0|0;0|0
#;00000433.pro;McKneely;6;10;4;3;3;7;4;8;7;75;1;1;4;20;100;Normal;33;14;14;80;65;28;8;20;0|0;0|0;0|0;0|0;0|0;0|0;0|500;0|0;0|0;0|0;0|0;0|0;0|0;0|0
#;00000434.pro;Stuart Little;6;7;6;5;5;5;7;7;5;55;2;1;7;14;100;Normal;85;10;10;85;80;65;12;30;0|0;0|0;0|0;0|0;0|0;0|0;0|500;0|0;0|0;0|0;0|0;0|0;0|0;0|0
#;00000435.pro;Corsican Brothers;6;7;5;6;5;6;6;8;14;45;1;1;6;14;55;Normal;75;12;12;65;75;65;10;25;0|20;0|20;0|10;0|10;0|30;0|20;0|500;0|0;0|0;0|0;0|0;0|0;0|0;0|0
#;00000436.pro;Corsican Bitches;7;5;6;5;4;8;7;9;16;70;2;2;7;10;100;Normal;95;90;16;90;90;75;12;30;0|20;0|20;0|10;0|10;0|30;0|20;0|500;0|0;0|0;0|0;0|0;0|0;0|0;0|0
#;00000437.pro;Father Tully;10;3;10;5;4;10;10;10;18;999;3;5;10;6;350;Normal;45;20;20;150;150;40;20;50;0|20;0|20;0|0;0|10;0|30;0|20;0|500;0|0;0|0;0|0;0|0;0|0;0|0;0|0
;00000438.pro;Casino Bouncer 1;9;7;10;3;4;8;5;9;18;85;3;4;5;14;250;Normal;100;100;100;125;125;32;20;50;4|30;2|0;4|10;4|20;0|0;4|25;0|500;0|0;0|0;0|0;0|0;0|0;0|0;0|0
;00000439.pro;Casino Bouncer 2;9;7;10;3;4;8;5;9;18;85;3;4;5;14;250;Normal;100;100;100;125;125;32;20;50;4|30;2|0;4|10;4|20;0|0;4|25;0|500;0|0;0|0;0|0;0|0;0|0;0|0;0|0
#;00000440.pro;Casino Girl;4;5;4;6;5;6;5;8;6;35;1;1;5;10;25;Normal;35;12;12;50;40;24;8;20;0|0;0|0;0|0;0|0;0|0;0|0;0|500;0|0;0|0;0|0;0|0;0|0;0|0;0|0
#;00000441.pro;Drug Dealer/Pimp1;6;6;5;6;5;6;5;8;14;50;1;1;5;12;75;Normal;75;70;12;70;75;65;10;25;0|20;0|20;0|10;0|10;0|30;0|20;0|500;0|0;0|0;0|0;0|0;0|0;0|0;0|0
#;00000442.pro;Drug Dealer/Pimp2;6;6;5;6;5;6;5;8;14;50;1;1;5;12;75;Normal;75;70;12;70;75;65;10;25;0|20;0|20;0|10;0|10;0|30;0|20;0|500;0|0;0|0;0|0;0|0;0|0;0|0;0|0
#;00000443.pro;Drug Dealer/Pimp3;6;6;5;6;5;6;5;8;14;50;1;1;5;12;75;Normal;75;70;12;70;75;65;10;25;0|0;0|0;0|0;0|0;0|0;0|0;0|500;0|0;0|0;0|0;0|0;0|0;0|0;0|0
#;00000444.pro;Drug Dealer/Pimp4;6;6;5;6;5;6;5;8;6;50;1;1;5;12;75;Normal;75;70;12;70;75;65;10;25;0|0;0|0;0|0;0|0;0|0;0|0;0|500;0|0;0|0;0|0;0|0;0|0;0|0;0|0
#;00000445.pro;McGee;5;5;5;5;5;6;1;8;6;40;1;1;1;10;75;Normal;75;75;12;65;65;24;10;25;0|0;0|0;0|0;0|0;0|0;0|0;0|500;0|0;0|0;0|0;0|0;0|0;0|0;0|0
#;00000446.pro;Miss Kitty;4;6;5;9;7;9;10;9;9;40;1;1;10;12;50;Normal;50;45;18;56;46;45;10;25;0|0;0|0;0|0;0|0;0|0;0|0;0|500;0|0;0|0;0|0;0|0;0|0;0|0;0|0
#;00000447.pro;Generic Slut 1;5;6;6;6;4;6;5;8;6;45;2;1;5;12;65;Normal;65;12;12;75;70;50;12;30;0|0;0|0;0|0;0|0;0|0;0|0;0|500;0|0;0|0;0|0;0|0;0|0;0|0;0|0
#;00000448.pro;Generic Slut 2;5;6;6;6;4;6;5;8;6;45;2;1;5;12;65;Normal;65;12;12;75;70;50;12;30;0|0;0|0;0|0;0|0;0|0;0|0;0|500;0|0;0|0;0|0;0|0;0|0;0|0;0|0
#;00000449.pro;Jagged Jimmy J;6;5;6;3;5;8;4;9;8;65;2;1;4;10;90;Normal;85;16;16;75;75;45;12;30;0|0;0|0;0|0;0|0;0|0;0|0;0|500;0|0;0|0;0|0;0|0;0|0;0|0;0|0
#;00000450.pro;Renesco;4;7;5;5;8;6;5;8;6;45;1;1;5;14;75;Normal;65;12;12;50;45;45;10;25;0|0;0|0;0|0;0|0;0|0;0|0;0|500;0|0;0|0;0|0;0|0;0|0;0|0;0|0
#;00000451.pro;Scientist;3;5;4;4;6;5;4;7;5;35;1;1;4;10;50;Normal;25;10;10;46;36;20;8;20;0|0;0|0;0|0;0|0;0|0;0|0;0|500;0|0;0|0;0|0;0|0;0|0;0|0;0|0
#;00000452.pro;Eldridge;7;7;8;5;4;8;5;9;23;85;2;2;5;14;150;Normal;110;100;95;95;95;110;16;40;4|35;4|15;4|15;4|25;1|10;4|30;0|500;0|0;0|0;0|0;0|0;0|0;0|0;0|0
#;00000453.pro;Algernon;4;3;3;2;2;5;10;7;5;35;1;1;10;6;10;Normal;25;10;10;48;38;20;6;15;0|0;0|0;0|0;0|0;0|0;0|0;0|500;0|0;0|0;0|0;0|0;0|0;0|0;0|0
#;00000454.pro;Jules;6;7;5;7;6;6;6;8;6;50;1;1;6;14;85;Normal;75;12;12;85;85;65;10;25;0|0;0|0;0|0;0|0;0|0;0|0;0|500;0|0;0|0;0|0;0|0;0|0;0|0;0|0
#;00000455.pro;Bureaucrat 1;4;6;4;6;6;5;5;7;5;35;1;1;5;12;30;Normal;25;10;10;48;45;20;8;20;0|0;0|0;0|0;0|0;0|0;0|0;0|500;0|0;0|0;0|0;0|0;0|0;0|0;0|0
#;00000456.pro;Bureaucrat 2;4;6;4;6;6;5;5;7;5;35;1;1;5;12;30;Normal;25;10;10;48;45;20;8;20;0|0;0|0;0|0;0|0;0|0;0|0;0|500;0|0;0|0;0|0;0|0;0|0;0|0;0|0
#;00000457.pro;Trader 1;4;6;5;6;6;6;5;8;6;35;1;1;5;12;30;Normal;29;12;12;50;50;24;10;25;0|0;0|0;0|0;0|0;0|0;0|0;0|500;0|0;0|0;0|0;0|0;0|0;0|0;0|0
#;00000458.pro;Trader 2;4;6;5;6;6;6;5;8;6;35;1;1;5;12;30;Normal;29;12;12;50;50;24;10;25;0|0;0|0;0|0;0|0;0|0;0|0;0|500;0|0;0|0;0|0;0|0;0|0;0|0;0|0
#;00000459.pro;Guard 1;6;6;6;5;5;7;5;8;22;70;2;1;5;12;125;Normal;85;80;80;75;75;75;12;30;4|35;7|80;4|15;4|25;1|10;4|30;0|500;0|0;0|0;0|0;0|0;0|0;0|0;0|0
#;00000460.pro;Guard 2;7;6;6;5;5;7;5;8;22;70;2;2;5;12;125;Normal;85;80;80;75;75;75;12;30;4|35;7|80;4|15;4|25;1|10;4|30;0|500;0|0;0|0;0|0;0|0;0|0;0|0;0|0
#;00000461.pro;Guard 3;5;7;6;5;5;8;5;9;23;70;2;1;5;14;125;Normal;85;80;80;75;75;75;12;30;4|35;7|80;4|15;4|25;1|10;4|30;0|500;0|0;0|0;0|0;0|0;0|0;0|0;0|0
#;00000462.pro;Guard 4;5;7;6;5;5;8;5;9;23;70;2;1;5;14;125;Normal;85;80;80;75;75;75;12;30;4|35;7|80;4|15;4|25;1|10;4|30;0|500;0|0;0|0;0|0;0|0;0|0;0|0;0|0
#;00000463.pro;Soldier 1;7;7;7;5;5;8;5;9;28;85;2;2;5;14;175;Normal;100;95;95;95;95;95;14;35;5|40;8|60;4|30;4|50;2|50;6|40;0|500;0|0;0|0;0|0;0|0;0|0;0|0;0|0
#;00000464.pro;Soldier 2;8;7;7;5;5;8;5;9;28;90;2;3;5;14;175;Normal;100;95;95;95;95;95;14;35;5|40;8|60;4|30;4|50;2|50;6|40;0|500;0|0;0|0;0|0;0|0;0|0;0|0;0|0
#;00000465.pro;Soldier 3;6;7;6;5;5;8;5;9;28;80;2;1;5;14;175;Normal;100;95;95;95;95;95;12;30;5|40;8|60;4|30;4|50;2|50;6|40;0|500;0|0;0|0;0|0;0|0;0|0;0|0;0|0
#;00000466.pro;Soldier 4;6;7;6;5;5;8;5;9;28;80;2;1;5;14;175;Normal;100;95;95;95;95;95;12;30;5|40;8|60;4|30;4|50;2|50;6|40;0|500;0|0;0|0;0|0;0|0;0|0;0|0;0|0
#;00000467.pro;Sgt. Stark;8;8;8;7;6;9;5;9;29;100;2;3;5;16;300;Normal;125;125;100;125;125;95;16;40;5|40;8|60;4|30;4|50;2|50;6|40;0|500;0|0;0|0;0|0;0|0;0|0;0|0;0|0
#;00000468.pro;"Doc" Andrew;6;5;6;4;6;6;5;8;6;45;2;1;5;10;75;Normal;50;12;12;75;75;45;12;30;0|0;0|0;0|0;0|0;0|0;0|0;0|500;0|0;0|0;0|0;0|0;0|0;0|0;0|0
#;00000469.pro;Bartender;6;6;6;6;5;6;4;8;6;45;2;1;4;12;50;Normal;50;12;12;55;55;45;12;30;0|0;0|0;0|0;0|0;0|0;0|0;0|500;0|0;0|0;0|0;0|0;0|0;0|0;0|0
#;00000470.pro;Gun Turret;5;10;5;1;1;5;2;10;30;125;1;1;2;20;300;Normal;25;10;150;50;40;20;10;25;12|40;12|60;12|60;10|40;12|40;20|50;0|20;0|0;0|0;0|0;0|0;0|0;0|0;0|0
#;00000471.pro;K-9 (base);6;9;8;3;6;8;7;14;33;127;2;16;32;28;500;Normal;37;16;16;100;48;32;16;40;10|30;20|75;10|30;20|50;5|20;10|30;5|50;0|0;0|0;0|0;0|0;0|0;0|0;0|0
#;00000472.pro;K-9 (stage 1);6;9;8;3;6;8;7;15;33;129;2;17;34;29;500;Normal;37;16;16;110;48;32;16;40;10|30;20|75;10|30;20|50;5|20;10|30;5|50;0|0;0|0;0|0;0|0;0|0;0|0;0|0
#;00000473.pro;K-9 (stage 2);6;9;8;3;6;8;7;16;33;131;2;18;36;30;500;Normal;37;16;16;120;48;32;16;40;10|30;20|75;10|30;20|50;5|20;10|30;5|50;0|0;0|0;0|0;0|0;0|0;0|0;0|0
#;00000474.pro;K-9 (stage 3);6;9;8;3;6;8;7;17;33;133;2;19;38;31;500;Normal;37;16;16;130;48;32;16;40;10|30;20|75;10|30;20|50;5|20;10|30;5|50;0|0;0|0;0|0;0|0;0|0;0|0;0|0
#;00000475.pro;K-9 (stage 4);6;10;8;3;8;9;8;19;33;137;2;21;43;34;500;Normal;41;18;18;152;50;36;16;40;10|30;20|75;10|30;20|50;5|20;10|30;5|50;0|0;0|0;0|0;0|0;0|0;0|0;0|0
#;00000476.pro;Generic Cyberdog;6;9;7;1;3;8;5;11;28;100;2;16;15;23;325;Normal;37;16;16;105;48;32;14;35;5|40;8|60;4|30;4|50;2|50;6|40;0|50;0|0;0|0;0|0;0|0;0|0;0|0;0|0
#;00000477.pro;Wanamingo Egg;5;5;5;5;5;5;5;7;5;10;1;1;5;10;10;Normal;25;10;10;50;40;20;10;25;0|0;0|0;0|0;0|0;0|0;0|0;0|500;0|0;0|0;0|0;0|0;0|0;0|0;0|0
#;00000478.pro;Lo Pan Guard;8;8;6;6;5;7;6;8;22;165;2;8;10;20;350;Normal;120;100;75;120;130;70;12;30;2|25;0|20;0|20;0|10;0|30;0|20;0|500;0|0;0|0;0|0;0|0;0|0;0|0;0|0
#;00000479.pro;Marjorie;3;5;4;4;6;5;4;7;5;35;1;1;4;10;50;Normal;25;10;10;46;36;20;8;20;0|0;0|0;0|0;0|0;0|0;0|0;0|500;0|0;0|0;0|0;0|0;0|0;0|0;0|0
#;00000480.pro;Auto-Cannon;5;8;5;1;2;8;5;9;28;75;1;1;5;16;200;Normal;37;95;16;56;46;32;10;25;5|40;8|60;4|30;4|50;2|50;6|40;0|10;0|0;0|0;0|0;0|0;0|0;0|0;0|0
#;00000481.pro;Special Gecko Critter;5;5;5;5;5;5;5;7;5;30;1;1;5;10;60;Normal;25;10;10;50;40;20;10;25;0|0;0|0;0|0;0|0;0|0;0|0;0|0;0|0;0|0;0|0;0|0;0|0;0|0;0|0
#;00000482.pro;Grim Reaper;5;5;5;5;5;5;5;7;5;300;1;1;5;10;1;Normal;25;10;10;50;40;20;10;25;0|0;0|0;0|0;0|0;0|0;0|0;0|500;0|0;0|0;0|0;0|0;0|0;0|0;0|0
#;00000483.pro;Frank Horrigan;5;10;5;5;5;5;5;7;5;1;1;1;5;20;0;Normal;25;10;10;50;40;20;10;25;0|0;0|0;0|0;0|0;0|0;0|0;0|0;0|0;0|0;0|0;0|0;0|0;0|0;0|0
#;00000484.pro;Nessa;5;5;5;5;5;5;5;7;5;30;1;1;5;10;60;Normal;25;10;10;50;40;20;10;25;999|999;999|999;999|999;0|0;999|999;999|999;999|999;0|0;0|0;0|0;0|0;0|0;0|0;0|0
#;00000485.pro;Shaman;5;5;5;5;5;5;5;7;5;30;1;1;5;10;60;Normal;25;10;10;50;40;20;10;25;0|0;0|0;0|0;0|0;0|0;0|0;0|500;0|0;0|0;0|0;0|0;0|0;0|0;0|0
#;00000486.pro;Warrior 	;5;5;5;5;5;5;5;7;5;30;1;1;5;10;60;Normal;25;10;10;50;40;20;10;25;0|0;0|0;0|0;0|0;0|0;0|0;0|500;0|0;0|0;0|0;0|0;0|0;0|0;0|0
#;00000487.pro;Guard;5;5;5;5;5;5;5;7;5;30;1;1;5;10;60;Normal;25;10;10;50;40;20;10;25;0|0;0|0;0|0;0|0;0|0;0|0;0|500;0|0;0|0;0|0;0|0;0|0;0|0;0|0
#;00000488.pro;Sulik's sister;5;5;5;5;5;5;5;7;5;30;1;1;5;10;60;Normal;25;10;10;50;40;20;10;25;0|0;0|0;0|0;0|0;0|0;0|0;0|500;0|0;0|0;0|0;0|0;0|0;0|0;0|0
#;00000489.pro;Kaga;7;6;8;4;6;8;6;9;8;333;2;2;6;17;300;Normal;37;16;16;68;130;80;16;40;0|0;0|0;0|0;0|0;0|0;0|0;0|500;0|0;0|0;0|0;0|0;0|0;0|0;0|0
;00000490.pro;Kaga;7;6;8;4;5;6;6;8;21;338;2;2;6;12;100;Normal;129;12;12;75;80;80;16;40;2|25;0|20;0|20;0|10;0|30;0|20;0|500;0|0;0|0;0|0;0|0;0|0;0|0;0|0
;00000491.pro;Kaga;8;4;5;4;4;6;5;8;16;333;1;3;5;8;95;Normal;149;76;21;61;56;43;10;25;4|30;6|75;4|10;4|20;0|0;4|25;0|500;0|0;0|0;0|0;0|0;0|0;0|0;0|0
;00000492.pro;Kaga;8;7;6;5;5;8;6;9;28;335;2;3;16;14;250;Normal;157;136;70;90;90;90;12;30;5|40;8|60;4|30;4|50;2|50;6|40;0|500;0|0;0|0;0|0;0|0;0|0;0|0;0|0
;00000493.pro;Kaga;10;8;8;5;7;9;8;9;44;800;2;5;8;16;750;Normal;171;148;168;150;125;120;16;40;18|60;19|90;16|70;18|60;15|65;20|70;0|500;0|0;0|0;0|0;0|0;0|0;0|0;0|0
#;00000494.pro;Hologram 00000;5;5;5;5;5;5;5;7;5;30;1;1;5;10;60;Normal;25;10;10;50;40;20;10;25;999|999;999|999;999|999;999|999;999|999;999|999;0|0;0|0;0|0;0|0;0|0;0|0;0|0;0|0
#;00000495.pro;Hologram 10001;5;5;5;5;5;5;5;7;5;30;1;1;5;10;60;Normal;25;10;10;50;40;20;10;25;999|999;999|999;999|999;999|999;999|999;999|999;0|0;0|0;0|0;0|0;0|0;0|0;0|0;0|0
#;00000496.pro;Hologram 12001;5;5;5;5;5;5;5;7;5;30;1;1;5;10;60;Normal;25;10;10;50;40;20;10;25;999|999;999|999;999|999;999|999;999|999;999|999;0|0;0|0;0|0;0|0;0|0;0|0;0|0;0|0
#;00000497.pro;Hologram 10031;5;5;5;5;5;5;5;7;5;30;1;1;5;10;60;Normal;25;10;10;50;40;20;10;25;999|999;999|999;999|999;999|999;999|999;999|999;0|0;0|0;0|0;0|0;0|0;0|0;0|0;0|0
#;00000498.pro;Hologram 40011;5;5;5;5;5;5;5;7;5;30;1;1;5;10;60;Normal;25;10;10;50;40;20;10;25;999|999;999|999;999|999;999|999;999|999;999|999;0|0;0|0;0|0;0|0;0|0;0|0;0|0;0|0
#;00000499.pro;Mr. Handy Robot;5;5;5;5;5;5;5;7;5;30;1;1;5;10;60;Normal;25;10;10;50;40;20;10;25;0|0;0|0;0|0;0|0;0|0;0|0;0|0;0|0;0|0;0|0;0|0;0|0;0|0;0|0
#;00000500.pro;The Doctor;6;8;7;6;10;8;5;9;28;60;2;1;5;16;60;Normal;37;16;16;58;48;32;14;35;5|40;8|60;4|30;4|50;2|50;6|40;0|500;0|0;0|0;0|0;0|0;0|0;0|0;0|0
#;00000501.pro;EPA Spore Plant;10;2;10;1;1;10;10;10;20;80;3;10;20;4;150;Normal;45;20;20;100;100;120;20;50;4|30;6|75;4|10;4|20;0|0;4|25;0|500;0|0;0|0;0|0;0|0;0|0;0|0;0|0
#;00000502.pro;Kitsune;6;8;6;6;6;8;5;9;8;80;2;9;5;16;60;Normal;107;21;21;128;118;102;12;30;0|0;0|0;0|0;0|0;0|0;0|0;0|500;0|0;0|0;0|0;0|0;0|0;0|0;0|0
#;00000503.pro;Dex;6;5;6;9;6;6;5;8;6;80;2;8;5;10;60;Normal;89;12;42;114;144;54;12;30;0|0;0|0;0|0;0|0;0|0;0|0;0|500;0|0;0|0;0|0;0|0;0|0;0|0;0|0
#;00000504.pro;Cat Jules;6;8;6;8;4;9;5;8;9;80;2;7;5;16;60;Normal;111;58;98;110;100;51;12;30;0|0;0|0;0|0;0|0;0|0;0|0;0|500;0|0;0|0;0|0;0|0;0|0;0|0;0|0
#;00000505.pro;Doctor's Warrior;8;5;5;5;5;7;5;13;7;43;1;8;30;10;60;Normal;33;14;14;84;57;28;10;25;0|0;0|0;0|0;0|0;0|0;0|0;0|500;0|0;0|0;0|0;0|0;0|0;0|0;0|0
#;00000506.pro;Fruit fly;5;5;5;5;5;5;5;7;5;30;1;1;5;10;60;Normal;25;10;10;50;40;20;10;25;0|0;0|0;0|0;0|0;0|0;0|0;0|500;0|0;0|0;0|0;0|0;0|0;0|0;0|0
#;00000507.pro;A hologram;5;5;5;5;5;5;5;7;5;30;1;1;5;10;60;Normal;25;10;10;50;40;20;10;25;999|999;999|999;999|999;999|999;999|999;999|999;0|0;0|0;0|0;0|0;0|0;0|0;0|0;0|0
#;00000508.pro;Kitsune - level 1;6;8;6;6;6;8;5;9;8;90;2;9;8;16;60;Normal;117;36;36;138;128;112;12;30;0|0;0|0;0|0;0|0;0|0;0|0;0|500;0|0;0|0;0|0;0|0;0|0;0|0;0|0
#;00000509.pro;Kitsune - level 2;6;8;6;6;6;8;5;9;8;100;2;9;11;16;60;Normal;127;46;46;148;138;122;12;30;0|0;0|0;0|0;0|0;0|0;0|0;0|500;0|0;0|0;0|0;0|0;0|0;0|0;0|0
#;00000510.pro;Kitsune - level 3;6;8;6;6;6;8;5;9;8;110;2;9;14;16;60;Normal;137;56;56;158;148;132;12;30;0|0;0|0;0|0;0|0;0|0;0|0;0|500;0|0;0|0;0|0;0|0;0|0;0|0;0|0
#;00000511.pro;Kitsune - level 4;6;8;6;6;6;8;5;9;8;120;2;9;17;16;60;Normal;147;66;66;168;158;142;12;30;0|0;0|0;0|0;0|0;0|0;0|0;0|500;0|0;0|0;0|0;0|0;0|0;0|0;0|0
#;00000512.pro;Kitsune - level 5;6;8;6;6;6;8;5;9;8;130;2;9;20;16;60;Normal;152;76;76;173;163;147;12;30;0|0;0|0;0|0;0|0;0|0;0|0;0|500;0|0;0|0;0|0;0|0;0|0;0|0;0|0
#;00000513.pro;Dex - level 1;6;5;6;9;6;6;5;8;8;90;2;8;10;10;60;Normal;99;22;52;124;154;64;12;30;0|0;0|0;0|0;0|0;0|0;0|0;0|500;0|0;0|0;0|0;0|0;0|0;0|0;0|0
#;00000514.pro;Dex - level 2;6;5;6;9;6;6;5;8;8;100;2;8;15;10;60;Normal;109;32;62;134;164;74;12;30;0|0;0|0;0|0;0|0;0|0;0|0;0|500;0|0;0|0;0|0;0|0;0|0;0|0;0|0
#;00000515.pro;Dex - level 3;6;5;6;9;6;6;5;8;8;110;2;8;20;10;60;Normal;119;42;72;144;174;84;12;30;0|0;0|0;0|0;0|0;0|0;0|0;0|500;0|0;0|0;0|0;0|0;0|0;0|0;0|0
#;00000516.pro;Dex - level 4;6;5;6;9;6;6;5;8;8;120;2;8;25;10;60;Normal;129;52;92;154;184;94;12;30;0|0;0|0;0|0;0|0;0|0;0|0;0|500;0|0;0|0;0|0;0|0;0|0;0|0;0|0
#;00000517.pro;Dex - level 5;6;5;6;9;6;6;5;9;10;130;2;8;30;10;60;Normal;139;62;112;164;194;104;12;30;0|0;0|0;0|0;0|0;0|0;0|0;0|500;0|0;0|0;0|0;0|0;0|0;0|0;0|0
#;00000518.pro;Cat Jules - level 1;6;8;6;8;4;9;5;9;9;90;2;7;6;16;60;Normal;121;68;108;115;105;54;12;30;0|0;0|0;0|0;0|0;0|0;0|0;0|500;0|0;0|0;0|0;0|0;0|0;0|0;0|0
#;00000519.pro;Cat Jules - level 2;6;8;6;8;4;9;5;9;9;100;2;7;7;16;60;Normal;131;78;118;125;115;56;12;30;0|0;0|0;0|0;0|0;0|0;0|0;0|500;0|0;0|0;0|0;0|0;0|0;0|0;0|0
#;00000520.pro;Cat Jules - level 3;6;8;6;8;4;9;5;9;9;110;2;7;8;16;60;Normal;141;88;128;135;125;61;10;25;0|0;0|0;0|0;0|0;0|0;0|0;0|500;0|0;0|0;0|0;0|0;0|0;0|0;0|0
#;00000521.pro;Cat Jules - level 4;6;8;6;8;4;9;5;9;9;120;2;7;9;16;60;Normal;151;98;138;145;135;66;10;25;0|0;0|0;0|0;0|0;0|0;0|0;0|500;0|0;0|0;0|0;0|0;0|0;0|0;0|0
#;00000522.pro;Cat Jules - level 5;6;8;6;8;4;9;5;10;9;130;2;6;10;16;60;Normal;166;108;153;155;145;76;12;30;0|0;0|0;0|0;0|0;0|0;0|0;0|500;0|0;0|0;0|0;0|0;0|0;0|0;0|0
#;00000523.pro;MIBoba Fe88;5;5;5;5;5;5;5;7;5;30;1;1;5;10;60;Normal;25;10;10;50;40;20;10;25;0|0;0|0;0|0;0|0;0|0;0|0;0|0;0|0;0|0;0|0;0|0;0|0;0|0;0|0
#;00000524.pro;Hivan Zolo;5;5;5;5;5;5;5;7;5;30;1;1;5;10;60;Normal;25;10;10;50;40;20;10;25;0|0;0|0;0|0;0|0;0|0;0|0;0|0;0|0;0|0;0|0;0|0;0|0;0|0;0|0
#;00000525.pro;Contie-bacca;5;5;5;5;5;5;5;7;5;30;1;1;5;10;60;Normal;25;10;10;50;40;20;10;25;0|0;0|0;0|0;0|0;0|0;0|0;0|0;0|0;0|0;0|0;0|0;0|0;0|0;0|0
#;00000526.pro;Darek Vader;5;5;5;5;5;5;5;7;5;30;1;1;5;10;60;Normal;25;10;10;50;40;20;10;25;0|0;0|0;0|0;0|0;0|0;0|0;0|0;0|0;0|0;0|0;0|0;0|0;0|0;0|0
#;00000527.pro;Jotisz the Hutt;5;5;5;5;5;5;5;7;5;30;1;1;5;10;60;Normal;25;10;10;50;40;20;10;25;0|0;0|0;0|0;0|0;0|0;0|0;0|0;0|0;0|0;0|0;0|0;0|0;0|0;0|0
#;00000528.pro;R2Qwerty;5;5;5;5;5;5;5;7;5;30;1;1;5;10;60;Normal;25;10;10;50;40;20;10;25;0|0;0|0;0|0;0|0;0|0;0|0;0|0;0|0;0|0;0|0;0|0;0|0;0|0;0|0
#;00000529.pro;Chris3ParksO;5;5;5;5;5;5;5;7;5;30;1;1;5;10;60;Normal;25;10;10;50;40;20;10;25;0|0;0|0;0|0;0|0;0|0;0|0;0|0;0|0;0|0;0|0;0|0;0|0;0|0;0|0
#;00000530.pro;Yosan12;5;5;5;5;5;5;5;7;5;30;1;1;5;10;60;Normal;25;10;10;50;40;20;10;25;0|0;0|0;0|0;0|0;0|0;0|0;0|0;0|0;0|0;0|0;0|0;0|0;0|0;0|0
#;00000531.pro;Obi-Wan-Killap;5;5;5;5;5;5;5;7;5;30;1;1;5;10;60;Normal;25;10;10;50;40;20;10;25;0|0;0|0;0|0;0|0;0|0;0|0;0|0;0|0;0|0;0|0;0|0;0|0;0|0;0|0
#;00000532.pro;Empress Timeslip;5;5;5;5;5;5;5;7;5;30;1;1;5;10;60;Normal;25;10;10;50;40;20;10;25;0|0;0|0;0|0;0|0;0|0;0|0;0|0;0|0;0|0;0|0;0|0;0|0;0|0;0|0
#;00000533.pro;Luke Skynet;5;5;5;5;5;5;5;7;5;30;1;1;5;10;60;Normal;25;10;10;50;40;20;10;25;0|0;0|0;0|0;0|0;0|0;0|0;0|0;0|0;0|0;0|0;0|0;0|0;0|0;0|0
#;00000534.pro;Mon-Morticia;5;5;5;5;5;5;5;7;5;30;1;1;5;10;60;Normal;25;10;10;50;40;20;10;25;0|0;0|0;0|0;0|0;0|0;0|0;0|0;0|0;0|0;0|0;0|0;0|0;0|0;0|0
#;00000535.pro;Kanhef;5;5;5;5;5;5;5;7;5;30;1;1;5;10;60;Normal;25;10;10;50;40;20;10;25;0|0;0|0;0|0;0|0;0|0;0|0;0|0;0|0;0|0;0|0;0|0;0|0;0|0;0|0
#;00000536.pro;HawkEyE;5;5;5;5;5;5;5;7;5;30;1;1;5;10;60;Normal;25;10;10;50;40;20;10;25;0|0;0|0;0|0;0|0;0|0;0|0;0|0;0|0;0|0;0|0;0|0;0|0;0|0;0|0
#;00000537.pro;Dravean;5;5;5;5;5;5;5;7;5;30;1;1;5;10;60;Normal;25;10;10;50;40;20;10;25;0|0;0|0;0|0;0|0;0|0;0|0;0|0;0|0;0|0;0|0;0|0;0|0;0|0;0|0
#;00000538.pro;Mr. Wolna;5;5;5;5;5;5;5;7;5;30;1;1;5;10;60;Normal;25;10;10;50;40;20;10;25;0|0;0|0;0|0;0|0;0|0;0|0;0|0;0|0;0|0;0|0;0|0;0|0;0|0;0|0
#;00000539.pro;encinodude;5;5;5;5;5;5;5;7;5;30;1;1;5;10;60;Normal;25;10;10;50;40;20;10;25;0|0;0|0;0|0;0|0;0|0;0|0;0|0;0|0;0|0;0|0;0|0;0|0;0|0;0|0
#;00000540.pro;Minigun Jim;5;5;5;5;5;5;5;7;5;30;1;1;5;10;60;Normal;25;10;10;50;40;20;10;25;0|0;0|0;0|0;0|0;0|0;0|0;0|0;0|0;0|0;0|0;0|0;0|0;0|0;0|0
#;00000541.pro;Bofast;5;5;5;5;5;5;5;7;5;30;1;1;5;10;60;Normal;25;10;10;50;40;20;10;25;0|0;0|0;0|0;0|0;0|0;0|0;0|0;0|0;0|0;0|0;0|0;0|0;0|0;0|0
#;00000542.pro;Krom;10;8;8;7;6;8;5;12;10;400;1;10;8;10;60;Normal;67;36;16;216;306;132;10;25;0|0;0|0;0|0;0|0;0|0;0|0;0|0;0|0;0|0;0|0;0|0;0|0;0|0;0|0
#;00000543.pro;Mother Spore Plant;10;3;10;1;1;10;10;15;20;150;3;25;30;10;350;Normal;45;20;20;160;160;190;20;50;4|30;6|75;4|10;4|20;0|0;4|25;0|500;0|0;0|0;0|0;0|0;0|0;0|0;0|0
;00000544.pro;Mother Alien;10;10;10;5;5;10;5;15;10;245;3;35;5;20;1000;Normal;45;20;20;270;260;240;20;50;0|0;0|0;0|0;0|0;0|0;0|0;0|500;0|0;0|0;0|0;0|0;0|0;0|0;0|0
#;00000545.pro;EPA Spore Plant;10;2;10;1;1;10;10;10;20;100;3;12;20;4;200;Normal;45;20;20;118;118;142;20;50;4|30;6|75;4|10;4|20;0|0;4|25;0|500;0|0;0|0;0|0;0|0;0|0;0|0;0|0
#;00000546.pro;Wild Dog;5;7;7;1;1;6;5;8;14;34;2;7;5;14;65;Normal;29;12;12;52;90;24;14;35;0|20;0|20;0|20;0|20;0|25;0|15;0|500;0|0;0|0;0|0;0|0;0|0;0|0;0|0
#;00000547.pro;Sentry Bot Mark II;9;8;8;1;5;9;5;9;34;120;2;4;5;16;600;Normal;41;105;124;105;105;36;16;40;13|50;19|90;14|20;13|50;13|50;20|60;0|15;0|0;0|0;0|0;0|0;0|0;0|0;0|0
#;00000548.pro;Old Joe;8;5;7;5;5;6;5;8;6;50;2;3;5;10;80;Normal;85;12;12;90;85;51;14;35;0|20;0|10;0|10;0|20;0|30;0|20;0|500;0|0;0|0;0|0;0|0;0|0;0|0;0|0
#;00000549.pro;A plant creature;10;10;10;5;5;10;6;12;10;105;3;65;6;20;400;Normal;45;20;20;200;80;100;20;50;6|95;8|80;6|15;6|25;2|5;6|30;2|500;0|0;0|0;0|0;0|0;0|0;0|0;0|0
