Import;ProFILE;NAME;Armor Class;Health Point;Exp Value;Norm DT;Norm DR;Las DT;Las DR;Fire DT;Fire DR;Plas DT;Plas DR;Elec DT;Elec DR;Expl DT;Expl DR
#;00000001.pro;Hero Male;5;30;60;0;0;0;0;0;0;0;0;0;0;0;0;0;500
#;00000002.pro;Hero Female;5;30;60;0;0;0;0;0;0;0;0;0;0;0;0;0;500
#;00000003.pro;Villager;8;50;100;0;0;0;0;0;0;0;0;0;0;0;0;0;500
#;00000004.pro;Villager;7;50;100;0;0;0;0;0;0;0;0;0;0;0;0;0;500
#;00000005.pro;Radscorpion;3;10;60;0;0;2;30;0;10;0;10;0;15;0;10;0;500
#;00000006.pro;Radscorpion;5;26;110;2;0;4;50;2;10;2;10;0;30;2;20;0;500
#;00000007.pro;Deathclaw;5;50;250;2;15;2;15;2;15;0;15;0;15;2;15;0;500
#;00000008.pro;Deathclaw;5;50;250;2;15;2;15;2;15;0;15;0;15;2;15;0;500
#;00000009.pro;Dog;5;14;40;0;15;0;15;0;15;0;15;0;20;0;10;0;500
#;00000010.pro;Brahmin;4;35;80;0;20;0;20;0;20;0;10;0;30;0;10;0;500
#;00000011.pro;Rat;4;6;25;0;0;0;0;0;0;0;0;0;0;0;0;0;500
#;00000012.pro;Mantis;3;14;70;0;0;0;0;0;0;0;0;0;0;0;0;0;500
#;00000013.pro;Elder;5;20;60;0;0;0;0;0;0;0;0;0;0;0;0;0;500
#;00000014.pro;Hakunin;5;20;60;0;0;0;0;0;0;0;0;0;0;0;0;0;500
#;00000015.pro;Mynoc;8;75;60;0;0;0;0;0;0;0;0;0;0;0;0;0;500
#;00000016.pro;Spore Plant;5;40;85;0;0;0;0;0;0;0;0;0;0;0;0;0;500
#;00000017.pro;Cute Slave;7;26;35;0;0;0;0;0;0;0;0;0;0;0;0;0;500
#;00000018.pro;Handsome Slave;6;28;35;0;0;0;0;0;0;0;0;0;0;0;0;0;500
#;00000019.pro;Healthy Slave;5;47;70;0;0;0;0;0;0;0;0;0;0;0;0;0;500
#;00000020.pro;Healthy Slave;4;50;70;0;0;0;0;0;0;0;0;0;0;0;0;0;500
#;00000021.pro;Strong Slave;5;35;75;0;0;0;0;0;0;0;0;0;0;0;0;0;500
#;00000022.pro;Strong Slave;4;37;75;0;0;0;0;0;0;0;0;0;0;0;0;0;500
#;00000023.pro;Combat Slave;22;55;80;2;25;0;20;0;20;0;10;0;30;0;20;0;500
#;00000024.pro;Combat Slave;21;60;80;2;25;0;20;0;20;0;10;0;30;0;20;0;500
#;00000025.pro;Clever Slave;5;35;40;0;0;0;0;0;0;0;0;0;0;0;0;0;500
#;00000026.pro;Clever Slave;4;38;40;0;0;0;0;0;0;0;0;0;0;0;0;0;500
#;00000027.pro;Generic Slave;5;33;50;0;0;0;0;0;0;0;0;0;0;0;0;0;500
#;00000028.pro;Generic Slave;5;35;50;0;0;0;0;0;0;0;0;0;0;0;0;0;500
#;00000029.pro;Anna;5;38;150;500;500;500;500;500;500;0;0;500;500;500;500;500;500
#;00000030.pro;Tough Thug;13;68;110;0;20;0;20;0;10;0;10;0;30;0;20;0;500
#;00000031.pro;Tough Thug;14;63;110;0;20;0;20;0;10;0;10;0;30;0;20;0;500
#;00000032.pro;Melee Thug;14;60;80;0;20;0;20;0;10;0;10;0;30;0;20;0;500
#;00000033.pro;Melee Thug;15;55;80;0;20;0;20;0;10;0;10;0;30;0;20;0;500
#;00000034.pro;Agile Thug;15;50;75;0;20;0;20;0;10;0;10;0;30;0;20;0;500
#;00000035.pro;Agile Thug;16;45;75;0;20;0;20;0;10;0;10;0;30;0;20;0;500
#;00000036.pro;Gun Thug;13;50;85;0;20;0;20;0;10;0;10;0;30;0;20;0;500
#;00000037.pro;Gun Thug;14;55;85;0;20;0;20;0;10;0;10;0;30;0;20;0;500
#;00000038.pro;Big Gun Thug;14;65;85;0;20;0;20;0;10;0;10;0;30;0;20;0;500
#;00000039.pro;Big Gun Thug;15;60;85;0;20;0;20;0;10;0;10;0;30;0;20;0;500
#;00000040.pro;Tough Guard;16;80;120;4;30;6;75;4;10;4;20;0;0;4;25;0;500
#;00000041.pro;Tough Guard;17;76;120;4;30;6;75;4;10;4;20;0;0;4;25;0;500
#;00000042.pro;Melee Guard;16;65;90;4;30;6;75;4;10;4;20;0;0;4;25;0;500
#;00000043.pro;Melee Guard;17;60;90;4;30;6;75;4;10;4;20;0;0;4;25;0;500
#;00000044.pro;Agile Guard;18;58;85;4;30;6;75;4;10;4;20;0;0;4;25;0;500
#;00000045.pro;Agile Guard;19;54;85;4;30;6;75;4;10;4;20;0;0;4;25;0;500
#;00000046.pro;Gun Guard;16;67;95;4;30;6;75;4;10;4;20;0;0;4;25;0;500
#;00000047.pro;Gun Guard;17;64;95;4;30;6;75;4;10;4;20;0;0;4;25;0;500
#;00000048.pro;Big Gun Guard;16;75;95;4;30;6;75;4;10;4;20;0;0;4;25;0;500
#;00000049.pro;Big Gun Guard;17;70;95;4;30;6;75;4;10;4;20;0;0;4;25;0;500
#;00000050.pro;Orphan (Male);8;26;30;0;0;0;0;0;0;0;0;0;0;0;0;0;500
#;00000051.pro;Orphan (Female);7;20;30;0;0;0;0;0;0;0;0;0;0;0;0;0;500
#;00000052.pro;Child (Male);7;21;30;0;0;0;0;0;0;0;0;0;0;0;0;0;500
#;00000053.pro;Child (Female);6;25;30;0;0;0;0;0;0;0;0;0;0;0;0;0;500
#;00000054.pro;Loser;4;25;35;0;0;0;0;0;0;0;0;0;0;0;0;0;500
#;00000055.pro;Loser;4;22;35;0;0;0;0;0;0;0;0;0;0;0;0;0;500
#;00000056.pro;Bad Merchant;6;63;60;0;0;0;0;0;0;0;0;0;0;0;0;0;500
#;00000057.pro;Bad Merchant;7;57;60;0;0;0;0;0;0;0;0;0;0;0;0;0;500
#;00000058.pro;Average Merchant;5;49;50;0;0;0;0;0;0;0;0;0;0;0;0;0;500
#;00000059.pro;Average Merchant;6;46;50;0;0;0;0;0;0;0;0;0;0;0;0;0;500
#;00000060.pro;Master Trader;4;48;40;0;0;0;0;0;0;0;0;0;0;0;0;0;500
#;00000061.pro;Master Trader;5;42;40;0;0;0;0;0;0;0;0;0;0;0;0;0;500
#;00000062.pro;Vic;6;70;240;0;0;0;0;0;0;0;0;0;0;0;0;0;500
#;00000063.pro;Weak Peasant;4;30;30;0;0;0;0;0;0;0;0;0;0;0;0;0;500
#;00000064.pro;Weak Peasant;3;25;30;0;0;0;0;0;0;0;0;0;0;0;0;0;500
#;00000065.pro;Average Peasant;5;33;40;0;0;0;0;0;0;0;0;0;0;0;0;0;500
#;00000066.pro;Average Peasant;4;28;40;0;0;0;0;0;0;0;0;0;0;0;0;0;500
#;00000067.pro;Strong Peasant;6;36;55;0;0;0;0;0;0;0;0;0;0;0;0;0;500
#;00000068.pro;Strong Peasant;5;31;55;0;0;0;0;0;0;0;0;0;0;0;0;0;500
#;00000069.pro;Weak Melee Guard;22;45;70;2;25;0;20;0;20;0;10;0;30;0;20;0;500
#;00000070.pro;Weak Melee Guard;22;42;70;2;25;0;20;0;20;0;10;0;30;0;20;0;500
#;00000071.pro;Weak Gun Guard;21;43;75;2;25;0;20;0;20;0;10;0;30;0;20;0;500
#;00000072.pro;Weak Gun Guard;21;46;75;2;25;0;20;0;20;0;10;0;30;0;20;0;500
#;00000073.pro;Repair Bot;14;60;240;4;30;6;75;4;10;4;20;0;0;4;25;0;0
#;00000074.pro;Repair Bot Mark II;16;80;280;4;30;6;75;4;10;4;20;0;0;4;25;0;0
#;00000075.pro;Robobrain;24;80;300;5;40;8;60;4;30;4;50;2;50;6;40;0;40
#;00000076.pro;Floating Eye Bot;18;60;275;4;30;6;75;4;10;4;20;0;0;4;25;0;0
#;00000077.pro;Sentry Bot;32;100;500;12;40;18;80;12;60;10;40;12;40;20;50;0;10
#;00000078.pro;Sentry Bot Mark II;34;120;600;13;50;19;90;14;70;13;50;13;50;20;60;0;15
#;00000079.pro;Robobrain;27;115;300;5;40;8;60;4;30;4;50;2;50;6;40;0;0
#;00000080.pro;Little Gecko;13;25;55;0;20;0;20;0;10;0;10;0;30;0;20;0;500
#;00000081.pro;Tough Lil Gecko;14;35;60;0;20;0;20;0;10;0;10;0;30;0;20;0;500
#;00000082.pro;Wild Dog;14;25;60;0;20;0;20;0;20;0;20;0;25;0;15;0;500
#;00000083.pro;Golden Gecko;22;45;135;2;25;0;20;0;20;0;10;0;30;0;20;0;500
#;00000084.pro;Deathclaw;10;225;1000;6;25;4;10;4;20;4;20;4;20;6;20;0;500
#;00000085.pro;Deathclaw Spawn;8;60;300;0;20;0;20;0;20;0;10;0;30;0;10;0;500
#;00000086.pro;Tough Golden Gecko;23;65;210;2;25;0;20;0;20;0;10;0;30;0;20;0;500
#;00000087.pro;Lynette;21;45;300;0;0;0;0;0;0;0;0;0;0;0;0;0;500
#;00000088.pro;Dr. Troy;6;45;125;0;0;0;0;0;0;0;0;0;0;0;0;0;500
#;00000089.pro;John Cassidy;21;80;300;2;25;0;20;0;20;0;10;0;30;0;20;0;500
#;00000090.pro;Gregory;5;64;350;0;0;0;0;0;0;0;0;0;0;0;0;0;500
#;00000091.pro;Citizen (Female);6;50;100;0;0;0;0;0;0;0;0;0;0;0;0;0;500
#;00000092.pro;Citizen (Male);5;50;100;0;0;0;0;0;0;0;0;0;0;0;0;0;500
#;00000093.pro;Up Class Citizen (F);4;55;110;0;0;0;0;0;0;0;0;0;0;0;0;0;500
#;00000094.pro;Up Class Citizen (M);5;55;110;0;0;0;0;0;0;0;0;0;0;0;0;0;500
#;00000095.pro;Trapper;21;50;100;2;25;0;20;0;20;0;10;0;30;0;20;0;500
#;00000096.pro;Trapper;17;50;100;4;30;6;75;4;10;4;20;0;0;4;25;0;500
#;00000097.pro;Sulik;7;85;150;0;0;0;0;0;0;0;0;0;0;0;0;0;500
#;00000098.pro;Maida Buckner;5;33;60;0;0;0;0;0;0;0;0;0;0;0;0;0;500
#;00000099.pro;Torr;5;68;110;0;0;0;0;0;0;0;0;0;0;0;0;0;500
#;00000100.pro;Lumpy;4;35;70;0;0;0;0;0;0;0;0;0;0;0;0;0;500
#;00000101.pro;Reactor Glowing One;3;60;120;0;0;0;0;0;0;0;0;0;0;0;0;0;500
#;00000102.pro;Reactor Ghoul;4;40;80;0;0;0;0;0;0;0;0;0;0;0;0;0;500
#;00000103.pro;Reactor Guard;4;70;150;0;0;0;0;0;0;0;0;0;0;0;0;0;500
#;00000104.pro;Zomak;5;75;200;0;0;0;0;0;0;0;0;0;0;0;0;0;500
#;00000105.pro;Skeeter;7;40;80;0;0;0;0;0;0;0;0;0;0;0;0;0;500
#;00000106.pro;The Brain;22;80;250;2;25;0;20;0;20;0;10;0;30;0;20;0;500
#;00000107.pro;Lenny;5;129;130;0;0;0;0;0;0;0;0;0;0;0;0;0;500
#;00000108.pro;Wooz;7;75;160;0;0;0;0;0;0;0;0;0;0;0;0;0;500
#;00000109.pro;Harold;6;80;250;0;0;0;0;0;0;0;0;0;0;0;0;0;500
#;00000110.pro;Mole Rat;6;26;120;0;0;0;0;0;0;0;0;0;0;0;0;0;500
#;00000111.pro;Greater Mole Rat;22;36;160;2;25;0;20;0;20;0;10;0;30;0;20;0;500
#;00000112.pro;Pig Rat;5;9;50;0;0;0;0;0;0;0;0;0;0;0;0;0;500
#;00000113.pro;Tough Pig Rat;5;15;75;0;0;0;0;0;0;0;0;0;0;0;0;0;500
#;00000114.pro;Weak Brahmin;18;30;40;0;20;0;20;0;20;0;10;0;30;0;10;0;500
#;00000115.pro;A.Pwr.Armor (don't use);35;30;60;15;55;19;90;16;70;15;60;15;60;20;65;0;500
#;00000116.pro;Mutated Rat;21;20;80;2;25;0;20;0;20;0;10;0;30;0;20;0;500
#;00000117.pro;Mutated Mole Rat;18;72;300;4;30;4;10;4;10;4;20;4;10;4;25;0;500
#;00000118.pro;Mutated Pig Rat;22;26;90;2;25;0;20;0;20;0;10;0;30;0;20;0;500
#;00000119.pro;Super Mutant;28;100;350;5;40;5;40;4;30;4;50;2;50;6;40;0;500
#;00000120.pro;Powerful Mutant;29;110;425;8;40;7;50;7;50;7;60;6;60;8;40;0;500
#;00000121.pro;Melchoir;33;120;475;12;40;12;40;12;60;10;40;12;40;20;50;15;500
#;00000122.pro;Hero Andro (don't use);30;30;60;12;40;18;80;12;60;10;40;12;40;20;50;15;500
#;00000123.pro;Hero Andro (don't use);10;30;60;0;20;0;25;0;10;0;10;0;40;0;20;0;500
#;00000124.pro;Hero Male (don't use);5;30;60;0;0;0;0;0;0;0;0;0;0;0;0;0;500
#;00000125.pro;Hero Female (don't use);5;30;60;0;0;0;0;0;0;0;0;0;0;0;0;0;500
#;00000126.pro;Hero Male (don't use);20;30;60;2;25;0;20;0;20;0;10;0;30;0;20;0;500
#;00000127.pro;Hero Female (don't use);20;30;60;2;25;0;20;0;20;0;10;0;30;0;20;0;500
#;00000128.pro;Hero Male (don't use);15;30;60;4;30;6;75;4;10;4;20;0;0;4;25;0;500
#;00000129.pro;Hero Female (don't use);15;30;60;4;30;6;75;4;10;4;20;0;0;4;25;0;500
#;00000130.pro;Hero Male (don't use);13;30;60;0;20;0;20;0;10;0;10;0;30;0;20;0;500
#;00000131.pro;Hero Female (don't use);13;30;60;0;20;0;20;0;10;0;10;0;30;0;20;0;500
#;00000132.pro;Hero Male (don't use);25;30;60;5;40;8;60;4;30;4;50;2;50;6;40;0;500
#;00000133.pro;Hero Female (don't use);25;30;60;5;40;8;60;4;30;4;50;2;50;6;40;0;500
#;00000134.pro;Vault City Guard;25;63;210;5;40;8;60;4;30;4;50;2;50;6;40;0;500
#;00000135.pro;Vault City Guard;26;59;210;5;40;8;60;4;30;4;50;2;50;6;40;0;500
#;00000136.pro;Cyberdog;18;97;200;4;30;6;75;4;10;4;20;0;0;4;25;0;500
#;00000137.pro;NCR Guard;27;94;250;8;40;8;70;7;50;7;60;6;60;8;40;0;500
#;00000138.pro;NCR Guard;27;74;250;8;40;8;70;7;50;7;60;6;60;8;40;0;500
#;00000139.pro;NCR Melee Guard;21;78;175;4;35;2;30;2;30;2;20;2;40;2;30;2;500
#;00000140.pro;Slaver Guard;27;84;200;3;25;1;20;1;25;1;10;1;40;1;25;0;500
#;00000141.pro;Slaver Overseer;16;98;275;4;30;6;75;4;10;4;20;0;0;4;25;0;500
#;00000142.pro;Grand Master Trader;22;55;120;2;25;0;20;0;20;0;10;0;30;0;20;0;500
#;00000143.pro;Grand Master Trader;21;50;120;2;25;0;20;0;20;0;10;0;30;0;20;0;500
#;00000144.pro;Tandi;20;50;200;2;25;0;20;0;20;0;10;0;30;0;20;0;500
#;00000145.pro;Merc;23;61;170;0;0;0;0;0;0;0;0;0;0;0;0;0;500
#;00000146.pro;Ratch;22;57;140;0;10;0;10;0;10;0;0;0;10;0;0;0;500
#;00000147.pro;Doofus;7;60;120;0;0;0;0;0;0;0;0;0;0;0;0;0;500
#;00000148.pro;Mikey;5;50;125;0;0;0;0;0;0;0;0;0;0;0;0;0;500
#;00000149.pro;NCR Bartender;15;75;150;0;20;0;20;0;10;0;10;0;30;0;20;0;500
#;00000150.pro;Shop Owner;6;65;100;0;0;0;0;0;0;0;0;0;0;0;0;0;500
#;00000151.pro;Gruthar;35;250;1200;12;40;12;40;12;60;10;40;12;40;20;50;15;500
#;00000152.pro;Goris;28;125;900;5;40;8;60;4;30;4;50;2;50;6;40;0;500
#;00000153.pro;Molerat Fighter;9;40;120;0;20;0;25;0;10;0;10;0;40;0;20;0;500
#;00000154.pro;Molerat Fighter;10;55;120;0;20;0;25;0;10;0;10;0;40;0;20;0;500
#;00000155.pro;Molerat Fighter;9;40;120;0;20;0;25;0;10;0;10;0;40;0;20;0;500
#;00000156.pro;Molerat Fighter;11;35;120;0;20;0;25;0;10;0;10;0;40;0;20;0;500
#;00000157.pro;Molerat Fighter;9;45;120;0;20;0;25;0;10;0;10;0;40;0;20;0;500
#;00000158.pro;Molerat Fighter;15;35;120;0;20;0;25;0;10;0;10;0;40;0;20;0;500
#;00000159.pro;Generic Ghoul;6;53;150;0;0;0;0;0;0;0;0;0;0;0;0;0;500
#;00000160.pro;Myron;9;70;100;0;0;0;0;0;0;0;0;0;0;0;0;0;500
#;00000161.pro;Marcus;28;130;475;4;30;4;30;4;10;4;20;4;10;4;25;0;500
#;00000162.pro;Doc Jones;12;55;100;0;20;0;25;0;10;0;10;0;40;0;20;0;500
#;00000163.pro;Davin;4;35;70;0;0;0;0;0;0;0;0;0;0;0;0;0;500
#;00000164.pro;Miria;5;35;70;0;0;0;0;0;0;0;0;0;0;0;0;0;500
#;00000165.pro;Laddie;5;20;60;0;0;0;0;0;0;0;0;0;0;0;0;0;500
#;00000166.pro;Rondo;21;80;150;2;25;0;20;0;20;0;10;0;30;0;20;0;500
#;00000167.pro;Ranch Hand;7;70;120;0;0;0;0;0;0;0;0;0;0;0;0;0;500
#;00000168.pro;Ranch Hand;8;73;130;0;0;0;0;0;0;0;0;0;0;0;0;0;500
#;00000169.pro;Ranch Hand;22;76;160;2;25;0;20;0;20;0;10;0;30;0;20;0;500
#;00000170.pro;Bouncer;20;70;200;2;35;0;20;0;20;0;10;0;30;0;20;0;500
#;00000171.pro;Bouncer;20;70;200;2;35;0;20;0;20;0;10;0;30;0;20;0;500
#;00000172.pro;Weak Mr. Handy;19;60;200;2;25;2;40;0;20;0;10;0;30;0;20;0;0
#;00000173.pro;Generic Glowing One;4;50;100;0;0;0;0;0;0;0;0;0;0;0;0;0;500
#;00000174.pro;Dar;24;200;900;6;25;4;10;4;20;4;20;4;20;6;20;0;500
#;00000175.pro;Dalia;18;70;160;4;30;6;75;4;10;4;20;0;0;4;25;0;500
#;00000176.pro;Gordon;12;74;180;0;20;0;25;0;10;0;10;0;40;0;20;0;500
#;00000177.pro;test (don't use);5;39;60;0;100;0;100;0;100;0;100;0;100;0;100;0;100
#;00000178.pro;Reactor Ghoul;4;40;80;0;0;0;0;0;0;0;0;0;0;0;0;0;500
#;00000179.pro;Generic Ghoul;6;53;150;0;0;0;0;0;0;0;0;0;0;0;0;0;500
#;00000180.pro;Matt;8;70;160;0;0;0;0;0;0;0;0;0;0;0;0;0;500
#;00000181.pro;B. Hunter Lead (1-6);16;60;150;0;20;0;20;0;10;0;10;0;30;0;20;0;500
#;00000182.pro;Bounty Hunter (1-6);15;50;100;0;20;0;20;0;10;0;10;0;30;0;20;0;500
#;00000183.pro;B. Hunter Lead (7-12);19;80;300;4;30;6;75;4;10;4;20;0;0;4;25;0;500
#;00000184.pro;Bounty Hunter (7-12);23;70;225;2;25;0;20;0;20;0;10;0;30;0;20;0;500
#;00000185.pro;Bounty Hunter (7-12);22;75;225;2;25;0;20;0;20;0;10;0;30;0;20;0;500
#;00000186.pro;B. Hunter Lead (13-18);30;100;500;5;40;8;60;4;30;4;50;2;50;6;40;0;500
#;00000187.pro;Bounty Hunter (13-18);29;85;400;5;40;8;60;4;30;4;50;2;50;6;40;0;500
#;00000188.pro;Bounty Hunter (13-18);28;90;400;5;40;8;60;4;30;4;50;2;50;6;40;0;500
#;00000189.pro;B. Hunter Lead (19-?);40;150;900;15;55;19;90;16;70;15;60;15;60;20;65;0;500
#;00000190.pro;Bounty Hunter (19-?);35;140;700;12;40;18;80;12;60;10;40;12;40;20;50;15;500
#;00000191.pro;Bess;4;35;80;0;20;0;20;0;20;0;10;0;30;0;10;0;500
#;00000192.pro;Balthas;21;50;120;2;25;0;20;0;20;0;10;0;30;0;20;0;500
#;00000193.pro;Grisham;11;43;110;0;10;0;10;0;10;0;10;0;10;0;10;0;500
#;00000194.pro;Phil;17;70;350;4;30;6;75;4;10;4;20;0;0;4;25;0;500
#;00000195.pro;Chicken;9;200;800;6;25;4;10;4;20;4;20;4;20;6;20;0;500
#;00000196.pro;Karl;5;40;60;0;0;0;0;0;0;0;0;0;0;0;0;0;500
#;00000197.pro;Jonny;8;26;30;0;0;0;0;0;0;0;0;0;0;0;0;0;500
#;00000198.pro;Jo;4;48;60;0;0;0;0;0;0;0;0;0;0;0;0;0;500
#;00000199.pro;Zeke;6;67;100;0;0;0;0;0;0;0;0;0;0;0;0;0;500
#;00000200.pro;Butcher;5;30;60;0;0;0;0;0;0;0;0;0;0;0;0;0;500
#;00000201.pro;Petey;4;25;35;0;0;0;0;0;0;0;0;0;0;0;0;0;500
#;00000202.pro;Primitive Hunter;5;40;60;0;0;0;0;0;0;0;0;0;0;0;0;0;500
#;00000203.pro;Primitive Hunter;5;35;60;0;0;0;0;0;0;0;0;0;0;0;0;0;500
#;00000204.pro;Cannibal;6;50;80;0;0;0;0;0;0;0;0;0;0;0;0;0;500
#;00000205.pro;Cannibal;7;47;80;0;0;0;0;0;0;0;0;0;0;0;0;0;500
#;00000206.pro;Holy Man;8;47;70;0;0;0;0;0;0;0;0;0;0;0;0;0;500
#;00000207.pro;Holy Woman;8;45;70;0;0;0;0;0;0;0;0;0;0;0;0;0;500
#;00000208.pro;Nomad- Low;15;55;75;0;20;0;20;0;10;0;10;0;30;0;20;0;500
#;00000209.pro;Nomad- Med;22;65;95;2;25;0;20;0;20;0;10;0;30;0;20;0;500
#;00000210.pro;Nomad- Low;16;50;75;0;20;0;20;0;10;0;10;0;30;0;20;0;500
#;00000211.pro;Nomad- Med;23;62;95;2;25;0;20;0;20;0;10;0;30;0;20;0;500
#;00000212.pro;Bandit;15;68;105;0;20;0;20;0;10;0;10;0;30;0;20;0;500
#;00000213.pro;Bandit;15;65;105;0;20;0;20;0;10;0;10;0;30;0;20;0;500
#;00000214.pro;Farmer;5;40;60;0;0;0;0;0;0;0;0;0;0;0;0;0;500
#;00000215.pro;Farmer;6;35;60;0;0;0;0;0;0;0;0;0;0;0;0;0;500
#;00000216.pro;Mantis;4;30;70;0;0;0;0;0;0;0;0;0;0;0;0;0;500
#;00000217.pro;Slaver;23;55;80;2;25;0;20;0;20;0;10;0;30;0;20;0;500
#;00000218.pro;Slaver;7;60;80;0;0;0;0;0;0;0;0;0;0;0;0;0;500
#;00000219.pro;Wild Brahmin;21;65;120;2;25;0;20;0;20;0;10;0;30;0;20;0;500
#;00000220.pro;Homesteader;8;70;180;0;0;0;0;0;0;0;0;0;0;0;0;0;500
#;00000221.pro;Homesteader;7;75;180;0;0;0;0;0;0;0;0;0;0;0;0;0;500
#;00000222.pro;Vault City Patrol;28;80;260;5;40;8;60;4;30;4;50;2;50;6;40;0;500
#;00000223.pro;Vault City Patrol;27;80;260;5;40;8;60;4;30;4;50;2;50;6;40;0;500
#;00000224.pro;Strong Slaver;14;50;150;0;20;0;20;0;10;0;10;0;30;0;20;0;500
#;00000225.pro;Strong Slaver;13;50;150;0;20;0;20;0;10;0;10;0;30;0;20;0;500
#;00000226.pro;Crazies;14;53;165;0;20;0;20;0;10;0;10;0;30;0;20;0;500
#;00000227.pro;Scavengers;15;57;165;0;20;0;20;0;10;0;10;0;30;0;20;0;500
#;00000228.pro;Glow Crazies;13;50;135;0;20;0;20;0;10;0;10;0;30;0;20;0;500
#;00000229.pro;Glow Scavengers;14;49;135;0;20;0;20;0;10;0;10;0;30;0;20;0;500
#;00000230.pro;Fisherman;7;40;80;0;0;0;0;0;0;0;0;0;0;0;0;0;500
#;00000231.pro;Fisherwoman;6;35;80;0;0;0;0;0;0;0;0;0;0;0;0;0;500
#;00000232.pro;Wilder;6;46;90;0;0;0;0;0;0;0;0;0;0;0;0;0;500
#;00000233.pro;Wilder;5;41;60;0;0;0;0;0;0;0;0;0;0;0;0;0;500
#;00000234.pro;Bootlegger;5;52;100;0;0;0;0;0;0;0;0;0;0;0;0;0;500
#;00000235.pro;Bootlegger;21;49;150;2;25;0;20;0;20;0;10;0;30;0;20;0;500
#;00000236.pro;Prospector;5;67;120;0;0;0;0;0;0;0;0;0;0;0;0;0;500
#;00000237.pro;Prospector;5;65;120;0;0;0;0;0;0;0;0;0;0;0;0;0;500
#;00000238.pro;Raider;23;60;130;2;25;0;20;0;20;0;10;0;30;0;20;0;500
#;00000239.pro;Raider;15;63;130;0;20;0;20;0;10;0;10;0;30;0;20;0;500
#;00000240.pro;Fire Gecko;28;70;250;5;40;8;60;20;500;4;50;2;50;6;40;0;500
#;00000241.pro;Tough Fire Gecko;30;80;260;5;40;8;60;20;500;4;50;2;50;6;40;0;500
#;00000242.pro;Alien;33;120;500;6;40;6;40;0;5;5;50;3;55;9;45;0;500
#;00000243.pro;Tough Alien;34;160;600;12;40;12;40;2;10;10;40;12;40;20;50;0;500
#;00000244.pro;Sm Tough Deathclaw;27;170;750;4;40;4;40;3;50;3;20;3;60;4;20;0;500
#;00000245.pro;Tough Deathclaw;40;310;1750;10;50;8;20;8;40;8;40;8;40;12;40;0;500
#;00000246.pro;Floater;28;175;750;5;40;5;40;0;0;4;50;0;500;6;40;0;500
#;00000247.pro;Nasty Floater;29;200;1000;8;40;8;40;2;10;7;60;0;500;8;40;0;500
#;00000248.pro;Centaur;24;150;650;4;35;4;20;4;15;4;25;1;10;4;30;0;500
#;00000249.pro;Mean Centaur;30;175;900;5;40;4;30;4;30;4;50;2;20;6;40;0;500
#;00000250.pro;Enclave Patrol;38;150;550;15;55;12;75;16;70;15;60;15;60;20;65;0;500
#;00000251.pro;Enclave Patrol;40;150;550;15;55;12;75;16;70;15;60;15;60;20;65;0;500
#;00000252.pro;Press Gang;16;70;350;0;20;0;20;0;10;0;10;0;30;0;20;0;500
#;00000253.pro;Press Gang;20;70;350;4;30;6;75;4;10;4;20;0;0;4;25;0;500
#;00000254.pro;Mercenary;16;80;400;0;20;0;20;0;10;0;10;0;30;0;20;0;500
#;00000255.pro;Mercenary;17;80;400;4;30;6;75;4;10;4;20;0;0;4;25;0;500
#;00000256.pro;Nightkin;24;130;500;2;25;0;20;0;20;0;10;0;30;0;20;0;500
#;00000257.pro;Tough Nightkin;25;150;650;2;25;0;20;0;20;0;10;0;30;0;20;0;500
#;00000258.pro;Tough Ghoul;7;65;200;0;0;0;0;0;0;0;0;0;0;0;0;0;500
#;00000259.pro;Mobster;28;70;200;3;25;1;20;1;25;1;10;1;40;1;25;0;500
#;00000260.pro;Yakuza;26;80;260;3;25;1;20;1;25;1;10;1;40;1;25;0;500
#;00000261.pro;NCR Ranger;28;95;250;5;40;8;60;4;30;4;50;2;50;6;40;0;500
#;00000262.pro;NCR Ranger;27;80;250;5;40;8;60;4;30;4;50;2;50;6;40;0;500
#;00000263.pro;Marauder;15;60;150;0;20;0;20;0;10;0;10;0;30;0;20;0;500
#;00000264.pro;Marauder;16;60;150;4;30;6;75;4;10;4;20;0;0;4;25;0;500
#;00000265.pro;Pretty Boy Lloyd;15;60;90;0;20;0;20;0;10;0;10;0;30;0;20;0;500
#;00000266.pro;Vorpal Rat;10;330;7500;500;100;500;100;500;100;500;100;500;100;500;100;500;500
#;00000267.pro;Vault 13 Man;5;30;60;0;0;0;0;0;0;0;0;0;0;0;0;0;500
#;00000268.pro;Vault 13 Woman;5;30;60;0;0;0;0;0;0;0;0;0;0;0;0;0;500
#;00000269.pro;Bridge Guardian;7;400;7500;200;100;200;100;200;100;200;100;200;100;200;100;200;500
#;00000270.pro;Mysterious Stranger;21;128;100;2;25;0;20;0;20;0;10;0;30;0;20;0;500
#;00000271.pro;Mysterious Stranger;22;126;100;2;25;0;20;0;20;0;10;0;30;0;20;0;500
#;00000272.pro;Hakeswill;6;70;225;0;0;0;0;0;0;0;0;0;0;0;0;0;500
#;00000273.pro;Big Jesus Mordino;15;65;150;0;20;0;20;0;10;0;10;0;30;0;20;0;500
#;00000274.pro;Dumar;8;40;100;0;0;0;0;0;0;0;0;0;0;0;0;0;500
#;00000275.pro;Mother Deathclaw;35;310;2000;12;40;12;40;12;60;10;40;12;40;20;50;15;500
#;00000276.pro;The Dragon;25;150;800;2;25;0;20;0;20;0;10;0;30;0;20;0;500
#;00000277.pro;Lo Pan;24;100;500;2;25;0;20;0;20;0;10;0;30;0;20;0;500
#;00000278.pro;Hubologist;12;80;350;0;20;0;25;0;10;0;10;0;40;0;20;0;500
#;00000279.pro;Hubologist;12;80;350;0;20;0;25;0;10;0;10;0;40;0;20;0;500
#;00000280.pro;Mysterious Stranger;27;138;100;4;30;6;75;4;10;4;20;0;0;4;25;0;500
#;00000281.pro;Mysterious Stranger;27;136;100;4;30;6;75;4;10;4;20;0;0;4;25;0;500
#;00000282.pro;Mysterious Stranger;26;158;100;5;40;8;60;4;30;4;50;2;50;6;40;0;500
#;00000283.pro;Mysterious Stranger;27;156;100;5;40;8;60;4;30;4;50;2;50;6;40;0;500
#;00000284.pro;Mysterious Stranger;40;150;100;15;55;19;90;16;70;15;60;15;65;20;65;0;500
#;00000285.pro;Mysterious Stranger;40;150;100;15;55;19;90;16;70;15;60;15;60;20;65;0;500
#;00000286.pro;Mysterious Stranger;44;204;100;18;60;19;90;16;70;18;60;15;65;20;70;0;500
#;00000287.pro;Mysterious Stranger;44;200;100;18;60;19;90;16;70;18;60;15;65;20;70;0;500
#;00000288.pro;Pres. Bodyguard;45;999;10000;20;70;20;80;20;70;20;70;15;20;20;70;0;500
#;00000289.pro;Deathclaw Egg;5;20;30;0;0;0;0;0;0;0;0;0;0;0;0;0;500
#;00000290.pro;Metzger;20;50;100;2;25;0;20;0;20;0;10;0;30;0;20;0;500
#;00000291.pro;Person;44;200;750;18;60;19;90;16;70;18;60;15;65;20;70;0;500
#;00000292.pro;Person in strange type of armor;45;200;750;18;60;19;90;16;70;18;60;15;65;20;70;0;500
#;00000293.pro;President;20;120;1000;2;25;0;20;0;20;0;10;0;30;0;20;0;500
#;00000294.pro;Vice President;21;120;600;2;25;0;20;0;20;0;10;0;30;0;20;0;500
#;00000295.pro;Technicion;20;100;350;2;25;0;20;0;20;0;10;0;30;0;20;0;500
#;00000296.pro;Badger;23;110;450;2;25;0;20;0;20;0;10;0;30;0;20;0;500
#;00000297.pro;Dr. Fung;23;90;350;2;25;0;20;0;20;0;10;0;30;0;20;0;500
#;00000298.pro;Kid;8;26;30;0;0;0;0;0;0;0;0;0;0;0;0;0;500
#;00000299.pro;Kid;7;20;30;0;0;0;0;0;0;0;0;0;0;0;0;0;500
#;00000300.pro;Gun Merchant;28;110;550;5;40;8;60;4;30;4;50;2;50;6;40;0;500
#;00000301.pro;Shi Lab Tech;22;70;150;2;25;0;20;0;20;0;10;0;30;0;20;0;500
#;00000302.pro;Shi Guard;22;200;350;2;25;0;20;0;20;0;10;0;30;0;20;0;500
#;00000303.pro;Shi Peasant;6;70;150;0;0;0;0;0;0;0;0;0;0;0;0;0;500
#;00000304.pro;Shi Peasant;6;70;150;0;0;0;0;0;0;0;0;0;0;0;0;0;500
#;00000305.pro;Lo Pan Peasant;6;70;150;0;0;0;0;0;0;0;0;0;0;0;0;0;500
#;00000306.pro;Lo Pan Peasant;6;70;150;0;0;0;0;0;0;0;0;0;0;0;0;0;500
#;00000307.pro;Dock Worker;7;85;200;0;0;0;0;0;0;0;0;0;0;0;0;0;500
#;00000308.pro;Shi Merchant;7;55;60;0;0;0;0;0;0;0;0;0;0;0;0;0;500
#;00000309.pro;Keeng Ra'at;22;60;220;2;25;0;20;0;20;0;10;0;30;0;20;0;500
#;00000310.pro;Sulik - Stage 1;7;93;110;0;0;0;0;0;0;0;0;0;0;0;0;0;500
#;00000311.pro;Sulik - Stage 2;7;103;110;0;0;0;0;0;0;0;0;0;0;0;0;0;500
#;00000312.pro;Sulik - Stage 3;7;113;110;0;0;0;0;0;0;0;0;0;0;0;0;0;500
#;00000313.pro;Sulik - Stage 4;7;123;110;0;0;0;0;0;0;0;0;0;0;0;0;0;500
#;00000314.pro;Sulik - Stage 5;7;134;110;0;0;0;0;0;0;0;0;0;0;0;0;0;500
#;00000315.pro;Sulik - Stage 6;7;146;110;0;0;0;0;0;0;0;0;0;0;0;0;0;500
#;00000316.pro;Lenny - Stage 1;5;154;130;1;10;2;15;2;15;1;10;1;10;2;15;0;500
#;00000317.pro;Lenny - Stage 2;5;181;130;1;10;2;20;2;20;1;10;1;10;2;15;0;500
#;00000318.pro;Lenny - Stage 3;5;206;130;2;15;2;25;2;25;2;15;1;10;2;15;0;500
#;00000319.pro;Goris - Stage 1;28;134;900;5;40;8;60;4;30;4;50;2;50;6;40;0;500
#;00000320.pro;Goris - Stage 2;28;145;900;5;40;8;60;4;30;4;50;2;50;6;40;0;500
#;00000321.pro;Goris - Stage 3;29;155;900;5;40;8;60;4;30;4;50;2;50;6;40;0;500
#;00000322.pro;Goris - Stage 4;34;166;900;6;40;9;65;5;35;5;50;3;55;9;45;0;500
#;00000323.pro;Goris - Stage 5;34;175;900;6;40;9;65;5;35;5;50;3;55;9;45;0;500
#;00000324.pro;Goris - Stage 6;35;187;900;6;40;9;65;5;35;5;50;3;55;9;45;0;500
#;00000325.pro;Myron - Stage 1;9;77;60;0;0;0;0;0;0;0;0;0;0;0;0;0;500
#;00000326.pro;Myron - Stage 2;9;92;60;0;0;0;0;0;0;0;0;0;0;0;0;0;500
#;00000327.pro;Myron - Stage 3;9;107;60;0;0;0;0;0;0;0;0;0;0;0;0;0;500
#;00000328.pro;Myron - Stage 4;9;122;60;0;0;0;0;0;0;0;0;0;0;0;0;0;500
#;00000329.pro;Marcus - Stage 1;28;145;200;4;30;6;75;4;10;4;20;0;0;4;25;0;500
#;00000330.pro;Marcus - Stage 2;28;165;200;4;30;6;75;4;10;4;20;0;0;4;25;0;500
#;00000331.pro;Marcus - Stage 3;28;175;200;4;30;6;75;4;10;4;20;0;0;4;25;0;500
#;00000332.pro;Marcus - Stage 4;29;190;200;5;40;8;60;4;30;4;50;2;50;6;40;0;500
#;00000333.pro;Marcus - Stage 5;29;205;200;5;40;8;60;4;30;4;50;2;50;6;40;0;500
#;00000334.pro;Cyberdog - Stage 1;18;107;200;4;30;6;75;4;10;4;20;0;0;4;25;0;500
#;00000335.pro;Cyberdog - Stage 2;18;117;200;4;30;6;75;4;10;4;20;0;0;4;25;0;500
#;00000336.pro;Cyberdog - Stage 3;18;127;200;4;30;6;75;4;10;4;20;0;0;4;25;0;500
#;00000337.pro;Cyberdog - Stage 4;18;137;200;4;30;6;75;4;10;4;20;0;0;4;25;0;500
#;00000338.pro;Cassidy - Stage 1;6;92;300;0;0;0;0;0;0;0;0;0;0;0;0;0;500
#;00000339.pro;Cassidy - Stage 2;6;104;300;0;0;0;0;0;0;0;0;0;0;0;0;0;500
#;00000340.pro;Cassidy - Stage 3;7;116;300;0;0;0;0;0;0;0;0;0;0;0;0;0;500
#;00000341.pro;Cassidy - Stage 4;7;128;300;0;0;0;0;0;0;0;0;0;0;0;0;0;500
#;00000342.pro;Dogmeat;16;98;150;4;30;6;75;4;10;4;20;0;0;4;25;0;500
#;00000343.pro;Dogmeat - Stage 1;16;108;150;4;30;6;75;4;10;4;20;0;0;4;25;0;500
#;00000344.pro;Dogmeat - Stage 2;16;118;150;4;30;6;75;4;10;4;20;0;0;4;25;0;500
#;00000345.pro;Dogmeat - Stage 3;17;128;150;4;30;6;75;4;10;4;20;0;0;4;25;0;500
#;00000346.pro;Dogmeat - Stage 4;23;141;150;4;35;7;80;4;15;4;25;1;10;4;30;0;500
#;00000347.pro;Dogmeat - Stage 5;24;151;150;4;35;7;80;4;15;4;25;1;10;4;30;0;500
#;00000348.pro;Dogmeat - Stage 6;25;161;150;4;35;7;80;4;15;4;25;1;10;4;30;0;500
#;00000349.pro;Robobrain - Stage 1;27;143;60;5;40;8;60;4;30;4;50;2;50;6;40;0;0
#;00000350.pro;Robobrain - Stage 2;27;155;60;5;40;8;60;4;30;4;50;2;50;6;40;0;0
#;00000351.pro;Robobrain - Stage 3;27;179;60;5;40;8;60;4;30;4;50;2;50;6;40;0;0
#;00000352.pro;Robobrain - Stage 4;27;197;60;5;40;8;60;4;30;4;50;2;50;6;40;0;0
#;00000353.pro;Robobrain - Stage 5;27;210;60;5;40;8;60;4;30;4;50;2;50;6;40;0;0
#;00000354.pro;Queen Alien;10;220;1000;12;40;15;50;2;10;12;50;15;50;25;60;0;500
#;00000355.pro;Black Radscorpion;5;26;110;2;0;4;50;2;10;2;10;0;30;0;20;0;500
#;00000356.pro;Black Radscorpion;5;50;220;4;10;5;60;3;20;3;20;0;35;0;30;0;500
#;00000357.pro;Spud;8;100;500;4;20;5;70;3;30;3;30;0;50;0;35;0;500
#;00000358.pro;Mercenary Captain;28;85;230;5;40;8;60;4;30;4;50;2;50;6;40;0;500
#;00000359.pro;Mercenary;21;60;90;2;25;0;20;0;20;0;10;0;30;0;20;0;500
#;00000360.pro;Mercenary;21;60;90;2;25;0;20;0;20;0;10;0;30;0;20;0;500
#;00000361.pro;Shadow-Who-Walks;8;60;90;0;0;0;0;0;0;0;0;0;0;0;0;0;500
#;00000362.pro;Punk;15;110;250;0;20;0;20;0;10;0;10;0;30;0;20;0;500
#;00000363.pro;Punk;16;110;250;0;20;0;20;0;10;0;10;0;30;0;20;0;500
#;00000364.pro;Marc;17;150;300;0;20;0;20;0;10;0;10;0;30;0;20;0;500
#;00000365.pro;Dave H.;15;80;350;0;20;0;20;0;10;0;10;0;30;0;20;0;500
#;00000366.pro;Capt. A. Ron Meyers;17;130;450;0;20;0;20;0;10;0;10;0;30;0;20;0;500
#;00000367.pro;Chip;23;125;400;2;25;0;20;0;20;0;10;0;30;0;20;0;500
#;00000368.pro;AHS-9;24;160;600;2;25;0;20;0;20;0;10;0;30;0;20;0;500
#;00000369.pro;Hubologist Guard;27;100;350;5;40;8;60;4;30;4;50;2;50;6;40;0;500
#;00000370.pro;Hubologist Guard;27;100;350;5;40;8;60;4;30;4;50;2;50;6;40;0;500
#;00000371.pro;Juan;10;60;100;0;0;0;0;0;0;0;0;0;0;0;0;0;500
#;00000372.pro;Vikki;7;50;100;0;0;0;0;0;0;0;0;0;0;0;0;0;500
#;00000373.pro;Vic - Stage 1;6;78;240;0;0;0;0;0;0;0;0;0;0;0;0;0;500
#;00000374.pro;Vic - Stage 2;6;90;240;0;0;0;0;0;0;0;0;0;0;0;0;0;500
#;00000375.pro;Vic - Stage 3;6;102;240;0;0;0;0;0;0;0;0;0;0;0;0;0;500
#;00000376.pro;Vic - Stage 4;7;111;240;0;0;0;0;0;0;0;0;0;0;0;0;0;500
#;00000377.pro;Vic - Stage 5;7;117;240;0;0;0;0;0;0;0;0;0;0;0;0;0;500
#;00000378.pro;Vic - Stage 6;8;132;240;0;0;0;0;0;0;0;0;0;0;0;0;0;500
#;00000379.pro;Robobrain - Chimp;27;115;200;5;40;8;60;4;30;4;50;2;50;6;40;0;0
#;00000380.pro;Robobrain - Abnormal;27;115;200;5;40;8;60;4;30;4;50;2;50;6;40;0;0
#;00000381.pro;Robobrain - Human;27;115;200;5;40;8;60;4;30;4;50;2;50;6;40;0;0
#;00000382.pro;Giant Ant;4;6;25;0;0;0;0;0;0;0;0;0;0;0;0;0;500
#;00000383.pro;Tough Giant Ant;3;12;50;0;0;0;10;0;0;0;0;0;10;0;10;0;500
#;00000384.pro;Pariah Dog;25;750;60;5;40;8;60;4;30;4;50;2;50;6;40;0;500
#;00000385.pro;Zurak;13;90;250;0;20;0;20;0;10;0;10;0;30;0;20;0;500
#;00000386.pro;Imbot;13;90;250;0;20;0;20;0;10;0;10;0;30;0;20;0;500
#;00000387.pro;Jimmy;14;100;400;0;20;0;20;0;10;0;10;0;30;0;20;0;500
#;00000388.pro;Wejungh;14;100;400;0;20;0;20;0;10;0;10;0;30;0;20;0;500
#;00000389.pro;Herb;15;120;500;0;20;0;20;0;10;0;10;0;30;0;20;0;500
#;00000390.pro;Loopal;15;120;500;0;20;0;20;0;10;0;10;0;30;0;20;0;500
#;00000391.pro;Jobe;16;130;600;0;20;0;20;0;10;0;10;0;30;0;20;0;500
#;00000392.pro;Smitty;16;130;600;0;20;0;20;0;10;0;10;0;30;0;20;0;500
#;00000393.pro;Rube;17;140;800;0;20;0;20;0;10;0;10;0;30;0;20;0;500
#;00000394.pro;Master Krall;17;140;800;0;20;0;20;0;10;0;10;0;30;0;20;0;500
#;00000395.pro;Ziggy;25;150;800;2;25;0;20;0;20;0;10;0;30;0;20;0;500
#;00000396.pro;Master Khung;24;100;500;2;25;0;20;0;20;0;10;0;30;0;20;0;500
#;00000397.pro;John Bishop;26;90;350;3;25;1;20;1;25;1;10;1;40;1;25;0;500
#;00000398.pro;Angela Bishop;27;60;85;2;30;0;20;2;25;0;10;0;30;0;20;0;500
#;00000399.pro;Mrs. Bishop;9;55;75;0;0;0;0;0;0;0;0;0;0;0;0;0;500
#;00000400.pro;Bishop's Guard 1;18;100;200;4;30;4;10;4;10;4;20;0;0;4;25;0;500
#;00000401.pro;Bishop's Guard 2;18;100;200;4;30;4;10;4;10;4;20;0;0;4;25;0;500
#;00000402.pro;Bishop's Thug 1;26;70;150;3;25;1;20;1;25;1;10;1;40;1;25;0;500
#;00000403.pro;Bishop's Thug 2;26;70;150;3;25;1;20;1;25;1;10;1;40;1;25;0;500
#;00000404.pro;Angry Brahmin;22;70;150;2;25;0;20;0;20;0;10;0;30;0;20;0;500
#;00000405.pro;Lil' Jesus;28;110;350;2;30;0;20;2;25;0;10;0;30;0;20;0;500
#;00000406.pro;Big Jesus;24;75;350;2;30;0;20;2;25;0;10;0;30;0;20;0;500
#;00000407.pro;Mordino Men 1;24;70;150;2;30;0;20;2;25;0;10;0;30;0;20;0;500
#;00000408.pro;Mordino Men 2;24;70;150;2;30;0;20;2;25;0;10;0;30;0;20;0;500
#;00000409.pro;Mordino Men 3;24;70;150;2;30;0;20;2;25;0;10;0;30;0;20;0;500
#;00000410.pro;Myron's Guard 1;23;100;200;4;35;7;80;4;15;4;25;1;10;4;30;0;500
#;00000411.pro;Myron's Guard 2;23;100;200;4;35;7;80;4;15;4;25;1;10;4;30;0;500
#;00000412.pro;Mr. Wright;6;65;350;0;0;0;0;0;0;0;0;0;0;0;0;0;500
#;00000413.pro;Mrs. Wright;8;90;150;0;0;0;0;0;0;0;0;0;0;0;0;0;500
#;00000414.pro;Chris Wright;17;90;250;0;20;0;20;0;10;0;10;0;30;0;20;0;500
#;00000415.pro;Keith Wright;8;80;200;0;0;0;0;0;0;0;0;0;0;0;0;0;500
#;00000416.pro;Wright Son 1;6;60;100;0;0;0;0;0;0;0;0;0;0;0;0;0;500
#;00000417.pro;Wright Son 2;6;60;100;0;0;0;0;0;0;0;0;0;0;0;0;0;500
#;00000418.pro;Wright Daughter 1;7;55;85;0;0;0;0;0;0;0;0;0;0;0;0;0;500
#;00000419.pro;Wright Daughter 2;7;55;85;0;0;0;0;0;0;0;0;0;0;0;0;0;500
#;00000420.pro;Mr. Salvatore;2;40;200;0;0;0;0;0;0;0;0;0;0;0;0;0;500
#;00000421.pro;Mason;24;110;250;4;35;7;80;4;15;4;25;1;10;4;30;0;500
#;00000422.pro;Salvatore Thug 1;21;70;150;4;35;7;80;4;15;4;25;1;10;4;30;0;500
#;00000423.pro;Salvatore Thug 2;21;70;150;4;35;7;80;4;15;4;25;1;10;4;30;0;500
#;00000424.pro;Generic Bartender 1;5;45;75;0;0;0;0;0;0;0;0;0;0;0;0;0;500
#;00000425.pro;Generic Bartender 2;5;45;75;0;0;0;0;0;0;0;0;0;0;0;0;0;500
#;00000426.pro;Generic Bartender 3;5;45;75;0;0;0;0;0;0;0;0;0;0;0;0;0;500
#;00000427.pro;Boxer 1;7;90;100;0;0;0;0;0;0;0;0;0;0;0;0;0;500
#;00000428.pro;Boxer 2;7;90;100;0;0;0;0;0;0;0;0;0;0;0;0;0;500
#;00000429.pro;Boxer 3;7;90;100;0;0;0;0;0;0;0;0;0;0;0;0;0;500
#;00000430.pro;Boxer 4;7;90;100;0;0;0;0;0;0;0;0;0;0;0;0;0;500
#;00000431.pro;Mike the Masticator;30;150;1000;5;40;8;60;4;30;4;50;2;50;6;40;0;500
#;00000432.pro;Holyfeld;20;125;500;4;30;6;75;4;10;4;20;0;0;4;25;0;500
#;00000433.pro;McKneely;7;75;100;0;0;0;0;0;0;0;0;0;0;0;0;0;500
#;00000434.pro;Stuart Little;5;55;100;0;0;0;0;0;0;0;0;0;0;0;0;0;500
#;00000435.pro;Corsican Brothers;14;45;55;0;20;0;20;0;10;0;10;0;30;0;20;0;500
#;00000436.pro;Corsican Bitches;16;70;100;0;20;0;20;0;10;0;10;0;30;0;20;0;500
#;00000437.pro;Father Tully;18;999;350;0;20;0;20;0;0;0;10;0;30;0;20;0;500
#;00000438.pro;Casino Bouncer 1;18;85;250;4;30;4;10;4;10;4;20;0;0;4;25;0;500
#;00000439.pro;Casino Bouncer 2;18;85;250;4;30;4;10;4;10;4;20;0;0;4;25;0;500
#;00000440.pro;Casino Girl;6;35;25;0;0;0;0;0;0;0;0;0;0;0;0;0;500
#;00000441.pro;Drug Dealer/Pimp1;14;50;75;0;20;0;20;0;10;0;10;0;30;0;20;0;500
#;00000442.pro;Drug Dealer/Pimp2;14;50;75;0;20;0;20;0;10;0;10;0;30;0;20;0;500
#;00000443.pro;Drug Dealer/Pimp3;14;50;75;0;0;0;0;0;0;0;0;0;0;0;0;0;500
#;00000444.pro;Drug Dealer/Pimp4;6;50;75;0;0;0;0;0;0;0;0;0;0;0;0;0;500
#;00000445.pro;McGee;6;40;75;0;0;0;0;0;0;0;0;0;0;0;0;0;500
#;00000446.pro;Miss Kitty;9;40;50;0;0;0;0;0;0;0;0;0;0;0;0;0;500
#;00000447.pro;Generic Slut 1;6;45;65;0;0;0;0;0;0;0;0;0;0;0;0;0;500
#;00000448.pro;Generic Slut 2;6;45;65;0;0;0;0;0;0;0;0;0;0;0;0;0;500
#;00000449.pro;Jagged Jimmy J;8;65;90;0;0;0;0;0;0;0;0;0;0;0;0;0;500
#;00000450.pro;Renesco;6;45;75;0;0;0;0;0;0;0;0;0;0;0;0;0;500
#;00000451.pro;Scientist;5;35;50;0;0;0;0;0;0;0;0;0;0;0;0;0;500
#;00000452.pro;Eldridge;23;85;150;4;35;4;15;4;15;4;25;1;10;4;30;0;500
#;00000453.pro;Algernon;5;35;10;0;0;0;0;0;0;0;0;0;0;0;0;0;500
#;00000454.pro;Jules;6;50;85;0;0;0;0;0;0;0;0;0;0;0;0;0;500
#;00000455.pro;Bureaucrat 1;5;35;30;0;0;0;0;0;0;0;0;0;0;0;0;0;500
#;00000456.pro;Bureaucrat 2;5;35;30;0;0;0;0;0;0;0;0;0;0;0;0;0;500
#;00000457.pro;Trader 1;6;35;30;0;0;0;0;0;0;0;0;0;0;0;0;0;500
#;00000458.pro;Trader 2;6;35;30;0;0;0;0;0;0;0;0;0;0;0;0;0;500
#;00000459.pro;Guard 1;22;70;125;4;35;7;80;4;15;4;25;1;10;4;30;0;500
#;00000460.pro;Guard 2;22;70;125;4;35;7;80;4;15;4;25;1;10;4;30;0;500
#;00000461.pro;Guard 3;23;70;125;4;35;7;80;4;15;4;25;1;10;4;30;0;500
#;00000462.pro;Guard 4;23;70;125;4;35;7;80;4;15;4;25;1;10;4;30;0;500
#;00000463.pro;Soldier 1;28;85;175;5;40;8;60;4;30;4;50;2;50;6;40;0;500
#;00000464.pro;Soldier 2;28;90;175;5;40;8;60;4;30;4;50;2;50;6;40;0;500
#;00000465.pro;Soldier 3;28;80;175;5;40;8;60;4;30;4;50;2;50;6;40;0;500
#;00000466.pro;Soldier 4;28;80;175;5;40;8;60;4;30;4;50;2;50;6;40;0;500
#;00000467.pro;Sgt. Stark;29;100;300;5;40;8;60;4;30;4;50;2;50;6;40;0;500
#;00000468.pro;"Doc" Andrew;6;45;75;0;0;0;0;0;0;0;0;0;0;0;0;0;500
#;00000469.pro;Bartender;6;45;50;0;0;0;0;0;0;0;0;0;0;0;0;0;500
#;00000470.pro;Gun Turret;30;125;300;12;40;12;60;12;60;10;40;12;40;20;50;0;20
#;00000471.pro;K-9 (base);33;127;500;10;30;20;75;10;30;20;50;5;20;10;30;5;50
#;00000472.pro;K-9 (stage 1);33;129;500;10;30;20;75;10;30;20;50;5;20;10;30;5;50
#;00000473.pro;K-9 (stage 2);33;131;500;10;30;20;75;10;30;20;50;5;20;10;30;5;50
#;00000474.pro;K-9 (stage 3);33;133;500;10;30;20;75;10;30;20;50;5;20;10;30;5;50
#;00000475.pro;K-9 (stage 4);33;137;500;10;30;20;75;10;30;20;50;5;20;10;30;5;50
#;00000476.pro;Generic Cyberdog;28;100;325;5;40;8;60;4;30;4;50;2;50;6;40;0;50
#;00000477.pro;Wanamingo Egg;5;10;10;0;0;0;0;0;0;0;0;0;0;0;0;0;500
#;00000478.pro;Lo Pan Guard;22;165;350;2;25;0;20;0;20;0;10;0;30;0;20;0;500
#;00000479.pro;Marjorie;5;35;50;0;0;0;0;0;0;0;0;0;0;0;0;0;500
#;00000480.pro;Auto-Cannon;28;75;200;5;40;8;60;4;30;4;50;2;50;6;40;0;10
#;00000481.pro;Special Gecko Critter;5;30;60;0;0;0;0;0;0;0;0;0;0;0;0;0;0
#;00000482.pro;Grim Reaper;5;300;1;0;0;0;0;0;0;0;0;0;0;0;0;0;500
#;00000483.pro;Frank Horrigan;5;1;0;0;0;0;0;0;0;0;0;0;0;0;0;0;0
#;00000484.pro;Nessa;5;30;60;999;999;999;999;999;999;0;0;999;999;999;999;999;999
#;00000485.pro;Shaman;5;30;60;0;0;0;0;0;0;0;0;0;0;0;0;0;500
#;00000486.pro;Warrior 	;5;30;60;0;0;0;0;0;0;0;0;0;0;0;0;0;500
#;00000487.pro;Guard;5;30;60;0;0;0;0;0;0;0;0;0;0;0;0;0;500
#;00000488.pro;Sulik's sister;5;30;60;0;0;0;0;0;0;0;0;0;0;0;0;0;500
#;00000489.pro;Kaga;8;333;300;0;0;0;0;0;0;0;0;0;0;0;0;0;500
#;00000490.pro;Kaga;23;333;600;2;25;0;20;0;20;0;10;0;30;0;20;0;500
#;00000491.pro;Kaga;18;333;900;4;30;6;75;4;10;4;20;0;0;4;25;0;500
#;00000492.pro;Kaga;28;333;1200;5;40;8;60;4;30;4;50;2;50;6;40;0;500
#;00000493.pro;Kaga;44;333;1500;18;60;19;90;16;70;18;60;15;65;20;70;0;500
#;00000494.pro;Hologram 00000;5;30;60;999;999;999;999;999;999;999;999;999;999;999;999;0;0
#;00000495.pro;Hologram 10001;5;30;60;999;999;999;999;999;999;999;999;999;999;999;999;0;0
#;00000496.pro;Hologram 12001;5;30;60;999;999;999;999;999;999;999;999;999;999;999;999;0;0
#;00000497.pro;Hologram 10031;5;30;60;999;999;999;999;999;999;999;999;999;999;999;999;0;0
#;00000498.pro;Hologram 40011;5;30;60;999;999;999;999;999;999;999;999;999;999;999;999;0;0
#;00000499.pro;Mr. Handy Robot;5;30;60;0;0;0;0;0;0;0;0;0;0;0;0;0;0
#;00000500.pro;The Doctor;28;60;60;5;40;8;60;4;30;4;50;2;50;6;40;0;500
#;00000501.pro;EPA Spore Plant;20;80;150;4;30;6;75;4;10;4;20;0;0;4;25;0;500
#;00000502.pro;Kitsune;8;80;60;0;0;0;0;0;0;0;0;0;0;0;0;0;500
#;00000503.pro;Dex;6;80;60;0;0;0;0;0;0;0;0;0;0;0;0;0;500
#;00000504.pro;Cat Jules;9;80;60;0;0;0;0;0;0;0;0;0;0;0;0;0;500
#;00000505.pro;Doctor's Warrior;7;43;60;0;0;0;0;0;0;0;0;0;0;0;0;0;500
#;00000506.pro;Fruit fly;5;30;60;0;0;0;0;0;0;0;0;0;0;0;0;0;500
#;00000507.pro;A hologram;5;30;60;999;999;999;999;999;999;999;999;999;999;999;999;0;0
#;00000508.pro;Kitsune - level 1;8;90;60;0;0;0;0;0;0;0;0;0;0;0;0;0;500
#;00000509.pro;Kitsune - level 2;8;100;60;0;0;0;0;0;0;0;0;0;0;0;0;0;500
#;00000510.pro;Kitsune - level 3;8;110;60;0;0;0;0;0;0;0;0;0;0;0;0;0;500
#;00000511.pro;Kitsune - level 4;8;120;60;0;0;0;0;0;0;0;0;0;0;0;0;0;500
#;00000512.pro;Kitsune - level 5;8;130;60;0;0;0;0;0;0;0;0;0;0;0;0;0;500
#;00000513.pro;Dex - level 1;8;90;60;0;0;0;0;0;0;0;0;0;0;0;0;0;500
#;00000514.pro;Dex - level 2;8;100;60;0;0;0;0;0;0;0;0;0;0;0;0;0;500
#;00000515.pro;Dex - level 3;8;110;60;0;0;0;0;0;0;0;0;0;0;0;0;0;500
#;00000516.pro;Dex - level 4;8;120;60;0;0;0;0;0;0;0;0;0;0;0;0;0;500
#;00000517.pro;Dex - level 5;10;130;60;0;0;0;0;0;0;0;0;0;0;0;0;0;500
#;00000518.pro;Cat Jules - level 1;9;90;60;0;0;0;0;0;0;0;0;0;0;0;0;0;500
#;00000519.pro;Cat Jules - level 2;9;100;60;0;0;0;0;0;0;0;0;0;0;0;0;0;500
#;00000520.pro;Cat Jules - level 3;9;110;60;0;0;0;0;0;0;0;0;0;0;0;0;0;500
#;00000521.pro;Cat Jules - level 4;9;120;60;0;0;0;0;0;0;0;0;0;0;0;0;0;500
#;00000522.pro;Cat Jules - level 5;9;130;60;0;0;0;0;0;0;0;0;0;0;0;0;0;500
#;00000523.pro;MIBoba Fe88;5;30;60;0;0;0;0;0;0;0;0;0;0;0;0;0;0
#;00000524.pro;Hivan Zolo;5;30;60;0;0;0;0;0;0;0;0;0;0;0;0;0;0
#;00000525.pro;Contie-bacca;5;30;60;0;0;0;0;0;0;0;0;0;0;0;0;0;0
#;00000526.pro;Darek Vader;5;30;60;0;0;0;0;0;0;0;0;0;0;0;0;0;0
#;00000527.pro;Jotisz the Hutt;5;30;60;0;0;0;0;0;0;0;0;0;0;0;0;0;0
#;00000528.pro;R2Qwerty;5;30;60;0;0;0;0;0;0;0;0;0;0;0;0;0;0
#;00000529.pro;Chris3ParksO;5;30;60;0;0;0;0;0;0;0;0;0;0;0;0;0;0
#;00000530.pro;Yosan12;5;30;60;0;0;0;0;0;0;0;0;0;0;0;0;0;0
#;00000531.pro;Obi-Wan-Killap;5;30;60;0;0;0;0;0;0;0;0;0;0;0;0;0;0
#;00000532.pro;Empress Timeslip;5;30;60;0;0;0;0;0;0;0;0;0;0;0;0;0;0
#;00000533.pro;Luke Skynet;5;30;60;0;0;0;0;0;0;0;0;0;0;0;0;0;0
#;00000534.pro;Mon-Morticia;5;30;60;0;0;0;0;0;0;0;0;0;0;0;0;0;0
#;00000535.pro;Kanhef;5;30;60;0;0;0;0;0;0;0;0;0;0;0;0;0;0
#;00000536.pro;HawkEyE;5;30;60;0;0;0;0;0;0;0;0;0;0;0;0;0;0
#;00000537.pro;Dravean;5;30;60;0;0;0;0;0;0;0;0;0;0;0;0;0;0
#;00000538.pro;Mr. Wolna;5;30;60;0;0;0;0;0;0;0;0;0;0;0;0;0;0
#;00000539.pro;encinodude;5;30;60;0;0;0;0;0;0;0;0;0;0;0;0;0;0
#;00000540.pro;Minigun Jim;5;30;60;0;0;0;0;0;0;0;0;0;0;0;0;0;0
#;00000541.pro;Bofast;5;30;60;0;0;0;0;0;0;0;0;0;0;0;0;0;0
#;00000542.pro;Krom;10;400;60;0;0;0;0;0;0;0;0;0;0;0;0;0;0
#;00000543.pro;Mother Spore Plant;20;150;350;4;30;6;75;4;10;4;20;0;0;4;25;0;500
#;00000544.pro;Mother Alien;10;245;1000;0;0;0;0;0;0;0;0;0;0;0;0;0;500
#;00000545.pro;EPA Spore Plant;20;100;200;4;30;6;75;4;10;4;20;0;0;4;25;0;500
#;00000546.pro;Wild Dog;14;34;65;0;20;0;20;0;20;0;20;0;25;0;15;0;500
#;00000547.pro;Sentry Bot Mark II;34;120;600;13;50;19;90;14;20;13;50;13;50;20;60;0;15
#;00000548.pro;Old Joe;6;50;80;0;20;0;10;0;10;0;20;0;30;0;20;0;500
#;00000549.pro;A plant creature;10;105;400;6;95;8;80;6;15;6;25;2;5;6;30;2;500
